
#
# TABLE STRUCTURE FOR: communities
#

DROP TABLE IF EXISTS `communities`;

CREATE TABLE `communities` (
  `id` bigint(20) unsigned NOT NULL AUTO_INCREMENT,
  `name` varchar(150) COLLATE utf8_unicode_ci DEFAULT NULL,
  PRIMARY KEY (`id`),
  KEY `communities_name_idx` (`name`)
) ENGINE=InnoDB AUTO_INCREMENT=101 DEFAULT CHARSET=utf8 COLLATE=utf8_unicode_ci;

INSERT INTO `communities` (`id`, `name`) VALUES ('95', 'a');
INSERT INTO `communities` (`id`, `name`) VALUES ('74', 'ab');
INSERT INTO `communities` (`id`, `name`) VALUES ('89', 'adipisci');
INSERT INTO `communities` (`id`, `name`) VALUES ('15', 'asperiores');
INSERT INTO `communities` (`id`, `name`) VALUES ('100', 'asperiores');
INSERT INTO `communities` (`id`, `name`) VALUES ('65', 'aspernatur');
INSERT INTO `communities` (`id`, `name`) VALUES ('54', 'atque');
INSERT INTO `communities` (`id`, `name`) VALUES ('19', 'aut');
INSERT INTO `communities` (`id`, `name`) VALUES ('24', 'aut');
INSERT INTO `communities` (`id`, `name`) VALUES ('98', 'aut');
INSERT INTO `communities` (`id`, `name`) VALUES ('85', 'blanditiis');
INSERT INTO `communities` (`id`, `name`) VALUES ('97', 'blanditiis');
INSERT INTO `communities` (`id`, `name`) VALUES ('32', 'consequatur');
INSERT INTO `communities` (`id`, `name`) VALUES ('39', 'consequuntur');
INSERT INTO `communities` (`id`, `name`) VALUES ('20', 'corporis');
INSERT INTO `communities` (`id`, `name`) VALUES ('5', 'corrupti');
INSERT INTO `communities` (`id`, `name`) VALUES ('69', 'culpa');
INSERT INTO `communities` (`id`, `name`) VALUES ('59', 'cumque');
INSERT INTO `communities` (`id`, `name`) VALUES ('93', 'cupiditate');
INSERT INTO `communities` (`id`, `name`) VALUES ('40', 'debitis');
INSERT INTO `communities` (`id`, `name`) VALUES ('79', 'deserunt');
INSERT INTO `communities` (`id`, `name`) VALUES ('42', 'dolorem');
INSERT INTO `communities` (`id`, `name`) VALUES ('3', 'dolores');
INSERT INTO `communities` (`id`, `name`) VALUES ('35', 'dolores');
INSERT INTO `communities` (`id`, `name`) VALUES ('68', 'dolores');
INSERT INTO `communities` (`id`, `name`) VALUES ('76', 'dolorum');
INSERT INTO `communities` (`id`, `name`) VALUES ('87', 'ea');
INSERT INTO `communities` (`id`, `name`) VALUES ('82', 'eligendi');
INSERT INTO `communities` (`id`, `name`) VALUES ('72', 'eos');
INSERT INTO `communities` (`id`, `name`) VALUES ('13', 'esse');
INSERT INTO `communities` (`id`, `name`) VALUES ('55', 'esse');
INSERT INTO `communities` (`id`, `name`) VALUES ('17', 'et');
INSERT INTO `communities` (`id`, `name`) VALUES ('34', 'et');
INSERT INTO `communities` (`id`, `name`) VALUES ('43', 'et');
INSERT INTO `communities` (`id`, `name`) VALUES ('48', 'et');
INSERT INTO `communities` (`id`, `name`) VALUES ('71', 'eum');
INSERT INTO `communities` (`id`, `name`) VALUES ('8', 'ex');
INSERT INTO `communities` (`id`, `name`) VALUES ('84', 'expedita');
INSERT INTO `communities` (`id`, `name`) VALUES ('9', 'id');
INSERT INTO `communities` (`id`, `name`) VALUES ('61', 'illo');
INSERT INTO `communities` (`id`, `name`) VALUES ('78', 'illo');
INSERT INTO `communities` (`id`, `name`) VALUES ('81', 'illum');
INSERT INTO `communities` (`id`, `name`) VALUES ('41', 'in');
INSERT INTO `communities` (`id`, `name`) VALUES ('44', 'in');
INSERT INTO `communities` (`id`, `name`) VALUES ('56', 'in');
INSERT INTO `communities` (`id`, `name`) VALUES ('23', 'incidunt');
INSERT INTO `communities` (`id`, `name`) VALUES ('52', 'ipsum');
INSERT INTO `communities` (`id`, `name`) VALUES ('96', 'ipsum');
INSERT INTO `communities` (`id`, `name`) VALUES ('51', 'itaque');
INSERT INTO `communities` (`id`, `name`) VALUES ('77', 'magni');
INSERT INTO `communities` (`id`, `name`) VALUES ('99', 'modi');
INSERT INTO `communities` (`id`, `name`) VALUES ('21', 'natus');
INSERT INTO `communities` (`id`, `name`) VALUES ('7', 'nemo');
INSERT INTO `communities` (`id`, `name`) VALUES ('53', 'nesciunt');
INSERT INTO `communities` (`id`, `name`) VALUES ('14', 'nisi');
INSERT INTO `communities` (`id`, `name`) VALUES ('10', 'non');
INSERT INTO `communities` (`id`, `name`) VALUES ('67', 'officia');
INSERT INTO `communities` (`id`, `name`) VALUES ('70', 'officia');
INSERT INTO `communities` (`id`, `name`) VALUES ('28', 'officiis');
INSERT INTO `communities` (`id`, `name`) VALUES ('57', 'perspiciatis');
INSERT INTO `communities` (`id`, `name`) VALUES ('22', 'possimus');
INSERT INTO `communities` (`id`, `name`) VALUES ('45', 'praesentium');
INSERT INTO `communities` (`id`, `name`) VALUES ('83', 'provident');
INSERT INTO `communities` (`id`, `name`) VALUES ('18', 'qui');
INSERT INTO `communities` (`id`, `name`) VALUES ('26', 'qui');
INSERT INTO `communities` (`id`, `name`) VALUES ('30', 'qui');
INSERT INTO `communities` (`id`, `name`) VALUES ('29', 'quia');
INSERT INTO `communities` (`id`, `name`) VALUES ('58', 'quis');
INSERT INTO `communities` (`id`, `name`) VALUES ('90', 'quisquam');
INSERT INTO `communities` (`id`, `name`) VALUES ('4', 'reprehenderit');
INSERT INTO `communities` (`id`, `name`) VALUES ('37', 'rerum');
INSERT INTO `communities` (`id`, `name`) VALUES ('6', 'sapiente');
INSERT INTO `communities` (`id`, `name`) VALUES ('31', 'sint');
INSERT INTO `communities` (`id`, `name`) VALUES ('66', 'sint');
INSERT INTO `communities` (`id`, `name`) VALUES ('12', 'sit');
INSERT INTO `communities` (`id`, `name`) VALUES ('62', 'sit');
INSERT INTO `communities` (`id`, `name`) VALUES ('25', 'soluta');
INSERT INTO `communities` (`id`, `name`) VALUES ('1', 'sunt');
INSERT INTO `communities` (`id`, `name`) VALUES ('49', 'tenetur');
INSERT INTO `communities` (`id`, `name`) VALUES ('50', 'ullam');
INSERT INTO `communities` (`id`, `name`) VALUES ('33', 'unde');
INSERT INTO `communities` (`id`, `name`) VALUES ('63', 'unde');
INSERT INTO `communities` (`id`, `name`) VALUES ('80', 'unde');
INSERT INTO `communities` (`id`, `name`) VALUES ('36', 'ut');
INSERT INTO `communities` (`id`, `name`) VALUES ('64', 'ut');
INSERT INTO `communities` (`id`, `name`) VALUES ('88', 'ut');
INSERT INTO `communities` (`id`, `name`) VALUES ('46', 'velit');
INSERT INTO `communities` (`id`, `name`) VALUES ('60', 'velit');
INSERT INTO `communities` (`id`, `name`) VALUES ('92', 'velit');
INSERT INTO `communities` (`id`, `name`) VALUES ('94', 'velit');
INSERT INTO `communities` (`id`, `name`) VALUES ('47', 'vero');
INSERT INTO `communities` (`id`, `name`) VALUES ('2', 'voluptas');
INSERT INTO `communities` (`id`, `name`) VALUES ('27', 'voluptas');
INSERT INTO `communities` (`id`, `name`) VALUES ('75', 'voluptas');
INSERT INTO `communities` (`id`, `name`) VALUES ('86', 'voluptas');
INSERT INTO `communities` (`id`, `name`) VALUES ('38', 'voluptate');
INSERT INTO `communities` (`id`, `name`) VALUES ('16', 'voluptatem');
INSERT INTO `communities` (`id`, `name`) VALUES ('91', 'voluptates');
INSERT INTO `communities` (`id`, `name`) VALUES ('11', 'voluptatibus');
INSERT INTO `communities` (`id`, `name`) VALUES ('73', 'voluptatum');


#
# TABLE STRUCTURE FOR: friend_requests
#

DROP TABLE IF EXISTS `friend_requests`;

CREATE TABLE `friend_requests` (
  `initiator_user_id` bigint(20) unsigned NOT NULL,
  `target_user_id` bigint(20) unsigned NOT NULL,
  `status` enum('requested','approved','unfriended','declined') COLLATE utf8_unicode_ci DEFAULT NULL,
  `requested_at` datetime DEFAULT current_timestamp(),
  `confirmed_at` datetime DEFAULT NULL,
  PRIMARY KEY (`initiator_user_id`,`target_user_id`),
  KEY `initiator_user_id` (`initiator_user_id`),
  KEY `target_user_id` (`target_user_id`),
  CONSTRAINT `friend_requests_ibfk_1` FOREIGN KEY (`initiator_user_id`) REFERENCES `users` (`id`),
  CONSTRAINT `friend_requests_ibfk_2` FOREIGN KEY (`target_user_id`) REFERENCES `users` (`id`)
) ENGINE=InnoDB DEFAULT CHARSET=utf8 COLLATE=utf8_unicode_ci;

INSERT INTO `friend_requests` (`initiator_user_id`, `target_user_id`, `status`, `requested_at`, `confirmed_at`) VALUES ('1', '1', 'declined', '1992-10-24 09:52:02', '1982-11-28 06:47:14');
INSERT INTO `friend_requests` (`initiator_user_id`, `target_user_id`, `status`, `requested_at`, `confirmed_at`) VALUES ('2', '2', 'unfriended', '1973-04-20 19:36:51', '1994-12-15 06:34:53');
INSERT INTO `friend_requests` (`initiator_user_id`, `target_user_id`, `status`, `requested_at`, `confirmed_at`) VALUES ('3', '3', 'unfriended', '2003-09-10 17:31:03', '1999-03-09 00:46:47');
INSERT INTO `friend_requests` (`initiator_user_id`, `target_user_id`, `status`, `requested_at`, `confirmed_at`) VALUES ('4', '4', 'approved', '1992-04-13 03:35:29', '1987-06-19 05:24:37');
INSERT INTO `friend_requests` (`initiator_user_id`, `target_user_id`, `status`, `requested_at`, `confirmed_at`) VALUES ('5', '5', 'requested', '1990-06-06 22:47:49', '1985-06-10 15:43:27');
INSERT INTO `friend_requests` (`initiator_user_id`, `target_user_id`, `status`, `requested_at`, `confirmed_at`) VALUES ('6', '6', 'requested', '2013-02-25 06:27:36', '1989-06-12 17:09:39');
INSERT INTO `friend_requests` (`initiator_user_id`, `target_user_id`, `status`, `requested_at`, `confirmed_at`) VALUES ('7', '7', 'approved', '2009-09-23 13:15:54', '2018-08-25 09:55:15');
INSERT INTO `friend_requests` (`initiator_user_id`, `target_user_id`, `status`, `requested_at`, `confirmed_at`) VALUES ('8', '8', 'unfriended', '1993-08-18 17:59:43', '1976-05-02 13:18:08');
INSERT INTO `friend_requests` (`initiator_user_id`, `target_user_id`, `status`, `requested_at`, `confirmed_at`) VALUES ('9', '9', 'declined', '2013-07-20 05:20:25', '1979-09-21 21:47:18');
INSERT INTO `friend_requests` (`initiator_user_id`, `target_user_id`, `status`, `requested_at`, `confirmed_at`) VALUES ('10', '10', 'declined', '2018-08-12 21:13:52', '2012-01-13 04:18:32');
INSERT INTO `friend_requests` (`initiator_user_id`, `target_user_id`, `status`, `requested_at`, `confirmed_at`) VALUES ('11', '11', 'approved', '2004-01-31 17:09:23', '1983-04-08 18:49:25');
INSERT INTO `friend_requests` (`initiator_user_id`, `target_user_id`, `status`, `requested_at`, `confirmed_at`) VALUES ('12', '12', 'declined', '1983-10-07 17:19:51', '1982-12-11 06:35:51');
INSERT INTO `friend_requests` (`initiator_user_id`, `target_user_id`, `status`, `requested_at`, `confirmed_at`) VALUES ('13', '13', 'requested', '1992-01-08 00:00:21', '2015-09-07 21:00:57');
INSERT INTO `friend_requests` (`initiator_user_id`, `target_user_id`, `status`, `requested_at`, `confirmed_at`) VALUES ('14', '14', 'unfriended', '1985-11-05 21:16:39', '1978-07-29 16:58:29');
INSERT INTO `friend_requests` (`initiator_user_id`, `target_user_id`, `status`, `requested_at`, `confirmed_at`) VALUES ('15', '15', 'approved', '1978-07-30 03:16:20', '2005-11-21 09:47:36');
INSERT INTO `friend_requests` (`initiator_user_id`, `target_user_id`, `status`, `requested_at`, `confirmed_at`) VALUES ('16', '16', 'approved', '1979-12-07 15:22:46', '2011-09-02 23:15:15');
INSERT INTO `friend_requests` (`initiator_user_id`, `target_user_id`, `status`, `requested_at`, `confirmed_at`) VALUES ('17', '17', 'unfriended', '1972-12-29 16:06:49', '1985-12-24 15:11:59');
INSERT INTO `friend_requests` (`initiator_user_id`, `target_user_id`, `status`, `requested_at`, `confirmed_at`) VALUES ('18', '18', 'requested', '2012-07-27 16:35:41', '1987-06-20 02:56:32');
INSERT INTO `friend_requests` (`initiator_user_id`, `target_user_id`, `status`, `requested_at`, `confirmed_at`) VALUES ('19', '19', 'declined', '1999-02-19 13:34:53', '2017-07-08 05:30:02');
INSERT INTO `friend_requests` (`initiator_user_id`, `target_user_id`, `status`, `requested_at`, `confirmed_at`) VALUES ('20', '20', 'requested', '2006-06-08 18:42:33', '2017-08-23 15:36:09');
INSERT INTO `friend_requests` (`initiator_user_id`, `target_user_id`, `status`, `requested_at`, `confirmed_at`) VALUES ('21', '21', 'declined', '1993-04-03 15:42:50', '2013-09-28 15:55:57');
INSERT INTO `friend_requests` (`initiator_user_id`, `target_user_id`, `status`, `requested_at`, `confirmed_at`) VALUES ('22', '22', 'requested', '2005-04-21 17:26:10', '1984-04-14 18:53:46');
INSERT INTO `friend_requests` (`initiator_user_id`, `target_user_id`, `status`, `requested_at`, `confirmed_at`) VALUES ('23', '23', 'approved', '1999-10-20 11:48:37', '1999-06-06 06:30:05');
INSERT INTO `friend_requests` (`initiator_user_id`, `target_user_id`, `status`, `requested_at`, `confirmed_at`) VALUES ('24', '24', 'unfriended', '1995-11-23 22:42:25', '1970-07-29 05:49:48');
INSERT INTO `friend_requests` (`initiator_user_id`, `target_user_id`, `status`, `requested_at`, `confirmed_at`) VALUES ('25', '25', 'declined', '1984-10-23 16:04:45', '2006-04-30 15:42:35');
INSERT INTO `friend_requests` (`initiator_user_id`, `target_user_id`, `status`, `requested_at`, `confirmed_at`) VALUES ('26', '26', 'unfriended', '1987-08-19 21:42:52', '1997-12-21 22:10:29');
INSERT INTO `friend_requests` (`initiator_user_id`, `target_user_id`, `status`, `requested_at`, `confirmed_at`) VALUES ('27', '27', 'unfriended', '2005-07-03 07:28:56', '1982-04-01 06:11:58');
INSERT INTO `friend_requests` (`initiator_user_id`, `target_user_id`, `status`, `requested_at`, `confirmed_at`) VALUES ('28', '28', 'requested', '1971-05-10 13:14:12', '1982-08-27 12:03:13');
INSERT INTO `friend_requests` (`initiator_user_id`, `target_user_id`, `status`, `requested_at`, `confirmed_at`) VALUES ('29', '29', 'approved', '2005-06-21 13:59:15', '2011-01-21 13:51:30');
INSERT INTO `friend_requests` (`initiator_user_id`, `target_user_id`, `status`, `requested_at`, `confirmed_at`) VALUES ('30', '30', 'requested', '1973-05-04 01:47:18', '1994-05-04 16:37:49');
INSERT INTO `friend_requests` (`initiator_user_id`, `target_user_id`, `status`, `requested_at`, `confirmed_at`) VALUES ('31', '31', 'unfriended', '1970-01-02 07:59:49', '2006-08-05 02:18:35');
INSERT INTO `friend_requests` (`initiator_user_id`, `target_user_id`, `status`, `requested_at`, `confirmed_at`) VALUES ('32', '32', 'requested', '2006-11-07 14:08:48', '2008-06-05 17:11:17');
INSERT INTO `friend_requests` (`initiator_user_id`, `target_user_id`, `status`, `requested_at`, `confirmed_at`) VALUES ('33', '33', 'approved', '1971-08-08 19:41:35', '1988-12-23 07:24:55');
INSERT INTO `friend_requests` (`initiator_user_id`, `target_user_id`, `status`, `requested_at`, `confirmed_at`) VALUES ('34', '34', 'declined', '1971-10-29 13:56:10', '2006-09-28 21:36:19');
INSERT INTO `friend_requests` (`initiator_user_id`, `target_user_id`, `status`, `requested_at`, `confirmed_at`) VALUES ('35', '35', 'declined', '1986-12-18 07:58:35', '1977-08-02 13:07:32');
INSERT INTO `friend_requests` (`initiator_user_id`, `target_user_id`, `status`, `requested_at`, `confirmed_at`) VALUES ('36', '36', 'declined', '1978-04-01 05:27:30', '2005-11-18 09:47:00');
INSERT INTO `friend_requests` (`initiator_user_id`, `target_user_id`, `status`, `requested_at`, `confirmed_at`) VALUES ('37', '37', 'declined', '1974-06-20 01:20:16', '2009-04-25 19:48:48');
INSERT INTO `friend_requests` (`initiator_user_id`, `target_user_id`, `status`, `requested_at`, `confirmed_at`) VALUES ('38', '38', 'unfriended', '2014-08-16 14:16:16', '2008-07-17 13:52:33');
INSERT INTO `friend_requests` (`initiator_user_id`, `target_user_id`, `status`, `requested_at`, `confirmed_at`) VALUES ('39', '39', 'declined', '1984-10-24 04:59:15', '2012-03-21 06:01:36');
INSERT INTO `friend_requests` (`initiator_user_id`, `target_user_id`, `status`, `requested_at`, `confirmed_at`) VALUES ('40', '40', 'requested', '1974-11-15 03:29:40', '2016-09-18 11:33:57');
INSERT INTO `friend_requests` (`initiator_user_id`, `target_user_id`, `status`, `requested_at`, `confirmed_at`) VALUES ('41', '41', 'requested', '2010-05-06 16:06:25', '2001-07-17 11:28:51');
INSERT INTO `friend_requests` (`initiator_user_id`, `target_user_id`, `status`, `requested_at`, `confirmed_at`) VALUES ('42', '42', 'approved', '2005-07-29 23:10:55', '1986-12-21 15:58:48');
INSERT INTO `friend_requests` (`initiator_user_id`, `target_user_id`, `status`, `requested_at`, `confirmed_at`) VALUES ('43', '43', 'requested', '2012-05-07 14:38:29', '1984-10-21 02:55:59');
INSERT INTO `friend_requests` (`initiator_user_id`, `target_user_id`, `status`, `requested_at`, `confirmed_at`) VALUES ('44', '44', 'declined', '1972-10-25 01:08:11', '1990-11-10 18:43:43');
INSERT INTO `friend_requests` (`initiator_user_id`, `target_user_id`, `status`, `requested_at`, `confirmed_at`) VALUES ('45', '45', 'approved', '1980-09-12 03:47:26', '2004-10-14 02:17:15');
INSERT INTO `friend_requests` (`initiator_user_id`, `target_user_id`, `status`, `requested_at`, `confirmed_at`) VALUES ('46', '46', 'declined', '1985-03-08 19:35:17', '2018-07-07 16:34:18');
INSERT INTO `friend_requests` (`initiator_user_id`, `target_user_id`, `status`, `requested_at`, `confirmed_at`) VALUES ('47', '47', 'approved', '1970-04-10 21:58:24', '1988-02-23 18:17:56');
INSERT INTO `friend_requests` (`initiator_user_id`, `target_user_id`, `status`, `requested_at`, `confirmed_at`) VALUES ('48', '48', 'requested', '2016-06-09 12:47:26', '2008-07-19 09:54:10');
INSERT INTO `friend_requests` (`initiator_user_id`, `target_user_id`, `status`, `requested_at`, `confirmed_at`) VALUES ('49', '49', 'declined', '2009-05-31 20:02:55', '2012-08-09 11:47:51');
INSERT INTO `friend_requests` (`initiator_user_id`, `target_user_id`, `status`, `requested_at`, `confirmed_at`) VALUES ('50', '50', 'approved', '1987-12-12 10:32:44', '1986-11-21 16:10:19');
INSERT INTO `friend_requests` (`initiator_user_id`, `target_user_id`, `status`, `requested_at`, `confirmed_at`) VALUES ('51', '51', 'unfriended', '2008-07-29 16:03:38', '2004-08-21 23:37:18');
INSERT INTO `friend_requests` (`initiator_user_id`, `target_user_id`, `status`, `requested_at`, `confirmed_at`) VALUES ('52', '52', 'unfriended', '1998-12-24 01:23:40', '1989-01-31 21:12:17');
INSERT INTO `friend_requests` (`initiator_user_id`, `target_user_id`, `status`, `requested_at`, `confirmed_at`) VALUES ('53', '53', 'declined', '1981-08-21 11:13:15', '2001-12-08 03:33:31');
INSERT INTO `friend_requests` (`initiator_user_id`, `target_user_id`, `status`, `requested_at`, `confirmed_at`) VALUES ('54', '54', 'approved', '2011-05-27 01:00:29', '2012-02-12 17:16:20');
INSERT INTO `friend_requests` (`initiator_user_id`, `target_user_id`, `status`, `requested_at`, `confirmed_at`) VALUES ('55', '55', 'declined', '1971-09-27 06:06:06', '2017-02-28 13:22:09');
INSERT INTO `friend_requests` (`initiator_user_id`, `target_user_id`, `status`, `requested_at`, `confirmed_at`) VALUES ('56', '56', 'unfriended', '1999-10-13 23:57:43', '2014-04-09 05:45:04');
INSERT INTO `friend_requests` (`initiator_user_id`, `target_user_id`, `status`, `requested_at`, `confirmed_at`) VALUES ('57', '57', 'declined', '2008-03-23 21:15:24', '2008-06-05 12:07:29');
INSERT INTO `friend_requests` (`initiator_user_id`, `target_user_id`, `status`, `requested_at`, `confirmed_at`) VALUES ('58', '58', 'unfriended', '2009-09-26 08:01:12', '1978-09-21 08:53:53');
INSERT INTO `friend_requests` (`initiator_user_id`, `target_user_id`, `status`, `requested_at`, `confirmed_at`) VALUES ('59', '59', 'declined', '2015-01-11 06:07:58', '1971-09-04 18:33:18');
INSERT INTO `friend_requests` (`initiator_user_id`, `target_user_id`, `status`, `requested_at`, `confirmed_at`) VALUES ('60', '60', 'requested', '2015-10-11 09:02:57', '1986-05-13 05:36:50');
INSERT INTO `friend_requests` (`initiator_user_id`, `target_user_id`, `status`, `requested_at`, `confirmed_at`) VALUES ('61', '61', 'approved', '2005-09-03 19:49:32', '1979-04-10 11:32:19');
INSERT INTO `friend_requests` (`initiator_user_id`, `target_user_id`, `status`, `requested_at`, `confirmed_at`) VALUES ('62', '62', 'approved', '2011-01-06 02:55:17', '2003-06-13 02:16:06');
INSERT INTO `friend_requests` (`initiator_user_id`, `target_user_id`, `status`, `requested_at`, `confirmed_at`) VALUES ('63', '63', 'unfriended', '1974-04-04 02:20:04', '1983-01-17 19:53:47');
INSERT INTO `friend_requests` (`initiator_user_id`, `target_user_id`, `status`, `requested_at`, `confirmed_at`) VALUES ('64', '64', 'requested', '2016-12-30 23:49:11', '1984-09-04 04:17:36');
INSERT INTO `friend_requests` (`initiator_user_id`, `target_user_id`, `status`, `requested_at`, `confirmed_at`) VALUES ('65', '65', 'approved', '2011-04-20 14:40:47', '2006-01-11 00:22:58');
INSERT INTO `friend_requests` (`initiator_user_id`, `target_user_id`, `status`, `requested_at`, `confirmed_at`) VALUES ('66', '66', 'approved', '1982-08-28 13:05:59', '1982-03-19 22:30:55');
INSERT INTO `friend_requests` (`initiator_user_id`, `target_user_id`, `status`, `requested_at`, `confirmed_at`) VALUES ('67', '67', 'approved', '1978-09-21 06:38:40', '1973-08-12 13:16:35');
INSERT INTO `friend_requests` (`initiator_user_id`, `target_user_id`, `status`, `requested_at`, `confirmed_at`) VALUES ('68', '68', 'approved', '1992-10-12 13:02:09', '2013-06-28 00:54:53');
INSERT INTO `friend_requests` (`initiator_user_id`, `target_user_id`, `status`, `requested_at`, `confirmed_at`) VALUES ('69', '69', 'approved', '1976-01-02 13:25:27', '1971-06-29 13:59:36');
INSERT INTO `friend_requests` (`initiator_user_id`, `target_user_id`, `status`, `requested_at`, `confirmed_at`) VALUES ('70', '70', 'approved', '2016-11-20 20:42:34', '1980-01-28 23:59:22');
INSERT INTO `friend_requests` (`initiator_user_id`, `target_user_id`, `status`, `requested_at`, `confirmed_at`) VALUES ('71', '71', 'approved', '1997-02-06 23:20:27', '1992-06-16 05:27:42');
INSERT INTO `friend_requests` (`initiator_user_id`, `target_user_id`, `status`, `requested_at`, `confirmed_at`) VALUES ('72', '72', 'approved', '1985-12-04 05:03:22', '1979-08-05 21:42:40');
INSERT INTO `friend_requests` (`initiator_user_id`, `target_user_id`, `status`, `requested_at`, `confirmed_at`) VALUES ('73', '73', 'requested', '1997-01-08 11:46:55', '2008-07-08 04:56:14');
INSERT INTO `friend_requests` (`initiator_user_id`, `target_user_id`, `status`, `requested_at`, `confirmed_at`) VALUES ('74', '74', 'unfriended', '1978-05-15 02:14:06', '1996-02-16 22:37:41');
INSERT INTO `friend_requests` (`initiator_user_id`, `target_user_id`, `status`, `requested_at`, `confirmed_at`) VALUES ('75', '75', 'approved', '1997-08-03 21:38:32', '1984-09-06 00:33:28');
INSERT INTO `friend_requests` (`initiator_user_id`, `target_user_id`, `status`, `requested_at`, `confirmed_at`) VALUES ('76', '76', 'declined', '2003-11-23 03:36:53', '2011-12-09 13:27:14');
INSERT INTO `friend_requests` (`initiator_user_id`, `target_user_id`, `status`, `requested_at`, `confirmed_at`) VALUES ('77', '77', 'approved', '2009-08-28 15:14:14', '1977-02-07 13:18:38');
INSERT INTO `friend_requests` (`initiator_user_id`, `target_user_id`, `status`, `requested_at`, `confirmed_at`) VALUES ('78', '78', 'approved', '2004-04-29 05:53:07', '1997-02-04 03:51:35');
INSERT INTO `friend_requests` (`initiator_user_id`, `target_user_id`, `status`, `requested_at`, `confirmed_at`) VALUES ('79', '79', 'declined', '1986-08-31 11:15:19', '1973-10-09 12:43:21');
INSERT INTO `friend_requests` (`initiator_user_id`, `target_user_id`, `status`, `requested_at`, `confirmed_at`) VALUES ('80', '80', 'approved', '1980-07-27 01:22:02', '2004-08-18 19:55:44');
INSERT INTO `friend_requests` (`initiator_user_id`, `target_user_id`, `status`, `requested_at`, `confirmed_at`) VALUES ('81', '81', 'requested', '2011-10-16 18:40:13', '2009-03-28 20:10:51');
INSERT INTO `friend_requests` (`initiator_user_id`, `target_user_id`, `status`, `requested_at`, `confirmed_at`) VALUES ('82', '82', 'requested', '1988-12-31 17:28:42', '1988-01-07 14:34:52');
INSERT INTO `friend_requests` (`initiator_user_id`, `target_user_id`, `status`, `requested_at`, `confirmed_at`) VALUES ('83', '83', 'approved', '1991-06-05 01:21:42', '2000-09-13 10:55:02');
INSERT INTO `friend_requests` (`initiator_user_id`, `target_user_id`, `status`, `requested_at`, `confirmed_at`) VALUES ('84', '84', 'approved', '1994-09-03 00:10:26', '1987-12-17 11:46:02');
INSERT INTO `friend_requests` (`initiator_user_id`, `target_user_id`, `status`, `requested_at`, `confirmed_at`) VALUES ('85', '85', 'requested', '1999-03-18 12:22:30', '2019-02-28 09:19:20');
INSERT INTO `friend_requests` (`initiator_user_id`, `target_user_id`, `status`, `requested_at`, `confirmed_at`) VALUES ('86', '86', 'unfriended', '1992-12-13 19:24:59', '1988-01-29 01:00:14');
INSERT INTO `friend_requests` (`initiator_user_id`, `target_user_id`, `status`, `requested_at`, `confirmed_at`) VALUES ('87', '87', 'unfriended', '2013-04-05 23:58:33', '1973-07-06 14:52:52');
INSERT INTO `friend_requests` (`initiator_user_id`, `target_user_id`, `status`, `requested_at`, `confirmed_at`) VALUES ('88', '88', 'unfriended', '2016-07-09 21:55:01', '2017-04-30 13:36:37');
INSERT INTO `friend_requests` (`initiator_user_id`, `target_user_id`, `status`, `requested_at`, `confirmed_at`) VALUES ('89', '89', 'requested', '1997-09-20 03:45:08', '2005-09-11 12:01:47');
INSERT INTO `friend_requests` (`initiator_user_id`, `target_user_id`, `status`, `requested_at`, `confirmed_at`) VALUES ('90', '90', 'unfriended', '2014-11-16 10:42:57', '2014-08-13 09:58:54');
INSERT INTO `friend_requests` (`initiator_user_id`, `target_user_id`, `status`, `requested_at`, `confirmed_at`) VALUES ('91', '91', 'requested', '2019-02-21 13:58:50', '2013-09-30 11:48:23');
INSERT INTO `friend_requests` (`initiator_user_id`, `target_user_id`, `status`, `requested_at`, `confirmed_at`) VALUES ('92', '92', 'requested', '2015-08-03 02:49:33', '1981-06-03 10:54:35');
INSERT INTO `friend_requests` (`initiator_user_id`, `target_user_id`, `status`, `requested_at`, `confirmed_at`) VALUES ('93', '93', 'approved', '1970-04-27 00:56:53', '2008-01-19 01:30:27');
INSERT INTO `friend_requests` (`initiator_user_id`, `target_user_id`, `status`, `requested_at`, `confirmed_at`) VALUES ('94', '94', 'requested', '2018-11-17 06:03:34', '1983-05-18 10:05:29');
INSERT INTO `friend_requests` (`initiator_user_id`, `target_user_id`, `status`, `requested_at`, `confirmed_at`) VALUES ('95', '95', 'requested', '1973-09-26 04:44:34', '1985-10-06 08:01:49');
INSERT INTO `friend_requests` (`initiator_user_id`, `target_user_id`, `status`, `requested_at`, `confirmed_at`) VALUES ('96', '96', 'approved', '2010-01-19 15:37:53', '1986-06-06 11:12:58');
INSERT INTO `friend_requests` (`initiator_user_id`, `target_user_id`, `status`, `requested_at`, `confirmed_at`) VALUES ('97', '97', 'requested', '1982-11-16 14:06:39', '1989-08-15 19:48:09');
INSERT INTO `friend_requests` (`initiator_user_id`, `target_user_id`, `status`, `requested_at`, `confirmed_at`) VALUES ('98', '98', 'unfriended', '1989-03-13 12:22:02', '1999-12-02 14:23:22');
INSERT INTO `friend_requests` (`initiator_user_id`, `target_user_id`, `status`, `requested_at`, `confirmed_at`) VALUES ('99', '99', 'declined', '2007-06-26 22:42:38', '2018-04-21 03:14:20');
INSERT INTO `friend_requests` (`initiator_user_id`, `target_user_id`, `status`, `requested_at`, `confirmed_at`) VALUES ('100', '100', 'unfriended', '1991-11-23 17:45:53', '2011-09-23 06:23:15');


#
# TABLE STRUCTURE FOR: like_types
#

DROP TABLE IF EXISTS `like_types`;

CREATE TABLE `like_types` (
  `id` bigint(20) unsigned NOT NULL AUTO_INCREMENT,
  `like_type` enum('profile','media','message') COLLATE utf8_unicode_ci DEFAULT NULL,
  `created_at` datetime DEFAULT current_timestamp(),
  `updated_at` datetime DEFAULT current_timestamp() ON UPDATE current_timestamp(),
  PRIMARY KEY (`id`)
) ENGINE=InnoDB AUTO_INCREMENT=101 DEFAULT CHARSET=utf8 COLLATE=utf8_unicode_ci;

INSERT INTO `like_types` (`id`, `like_type`, `created_at`, `updated_at`) VALUES ('1', 'profile', '2001-02-27 22:34:17', '2007-07-10 20:24:46');
INSERT INTO `like_types` (`id`, `like_type`, `created_at`, `updated_at`) VALUES ('2', 'message', '1987-08-25 04:04:04', '1972-02-22 14:43:47');
INSERT INTO `like_types` (`id`, `like_type`, `created_at`, `updated_at`) VALUES ('3', 'profile', '1998-02-06 16:16:50', '1981-12-26 05:14:08');
INSERT INTO `like_types` (`id`, `like_type`, `created_at`, `updated_at`) VALUES ('4', 'message', '1990-03-01 14:27:44', '1975-02-05 09:18:24');
INSERT INTO `like_types` (`id`, `like_type`, `created_at`, `updated_at`) VALUES ('5', 'message', '2019-07-25 22:26:42', '1985-10-05 22:19:39');
INSERT INTO `like_types` (`id`, `like_type`, `created_at`, `updated_at`) VALUES ('6', 'message', '1985-05-25 14:33:37', '1980-05-28 03:29:41');
INSERT INTO `like_types` (`id`, `like_type`, `created_at`, `updated_at`) VALUES ('7', 'message', '1977-08-08 10:55:31', '1986-03-18 20:16:32');
INSERT INTO `like_types` (`id`, `like_type`, `created_at`, `updated_at`) VALUES ('8', 'profile', '2004-05-19 18:41:40', '2006-06-06 11:17:31');
INSERT INTO `like_types` (`id`, `like_type`, `created_at`, `updated_at`) VALUES ('9', 'profile', '2013-09-15 12:38:58', '2015-05-27 07:01:16');
INSERT INTO `like_types` (`id`, `like_type`, `created_at`, `updated_at`) VALUES ('10', 'profile', '2010-07-23 12:26:19', '1971-09-01 17:31:07');
INSERT INTO `like_types` (`id`, `like_type`, `created_at`, `updated_at`) VALUES ('11', 'media', '1977-06-17 11:58:20', '1980-12-25 06:54:22');
INSERT INTO `like_types` (`id`, `like_type`, `created_at`, `updated_at`) VALUES ('12', 'message', '2014-09-01 06:48:32', '1974-08-17 17:16:42');
INSERT INTO `like_types` (`id`, `like_type`, `created_at`, `updated_at`) VALUES ('13', 'message', '2016-06-13 04:27:37', '1978-08-04 17:42:02');
INSERT INTO `like_types` (`id`, `like_type`, `created_at`, `updated_at`) VALUES ('14', 'profile', '2015-04-10 18:50:09', '2019-01-25 00:47:07');
INSERT INTO `like_types` (`id`, `like_type`, `created_at`, `updated_at`) VALUES ('15', 'message', '1986-03-29 21:28:13', '2009-12-18 03:57:05');
INSERT INTO `like_types` (`id`, `like_type`, `created_at`, `updated_at`) VALUES ('16', 'message', '1994-05-22 17:30:41', '1984-12-14 03:35:55');
INSERT INTO `like_types` (`id`, `like_type`, `created_at`, `updated_at`) VALUES ('17', 'media', '2002-04-27 00:08:40', '1978-06-24 10:11:45');
INSERT INTO `like_types` (`id`, `like_type`, `created_at`, `updated_at`) VALUES ('18', 'media', '1975-06-05 06:57:57', '1975-08-26 02:09:14');
INSERT INTO `like_types` (`id`, `like_type`, `created_at`, `updated_at`) VALUES ('19', 'media', '1977-06-10 10:17:38', '1982-03-25 23:01:11');
INSERT INTO `like_types` (`id`, `like_type`, `created_at`, `updated_at`) VALUES ('20', 'profile', '2001-07-30 23:14:18', '2016-02-15 00:26:00');
INSERT INTO `like_types` (`id`, `like_type`, `created_at`, `updated_at`) VALUES ('21', 'message', '1990-07-10 07:31:48', '1998-04-27 21:56:31');
INSERT INTO `like_types` (`id`, `like_type`, `created_at`, `updated_at`) VALUES ('22', 'profile', '2013-06-02 08:49:37', '1992-04-26 23:16:30');
INSERT INTO `like_types` (`id`, `like_type`, `created_at`, `updated_at`) VALUES ('23', 'media', '2001-12-13 03:16:59', '2005-12-04 18:33:49');
INSERT INTO `like_types` (`id`, `like_type`, `created_at`, `updated_at`) VALUES ('24', 'media', '1977-09-25 07:40:17', '1998-06-04 21:01:50');
INSERT INTO `like_types` (`id`, `like_type`, `created_at`, `updated_at`) VALUES ('25', 'message', '1994-04-16 05:58:25', '1997-08-29 05:53:18');
INSERT INTO `like_types` (`id`, `like_type`, `created_at`, `updated_at`) VALUES ('26', 'media', '1980-03-24 03:11:20', '1988-05-12 13:19:32');
INSERT INTO `like_types` (`id`, `like_type`, `created_at`, `updated_at`) VALUES ('27', 'media', '2017-01-03 05:34:58', '1981-02-09 03:56:30');
INSERT INTO `like_types` (`id`, `like_type`, `created_at`, `updated_at`) VALUES ('28', 'profile', '1974-12-30 09:42:37', '2008-02-22 08:01:43');
INSERT INTO `like_types` (`id`, `like_type`, `created_at`, `updated_at`) VALUES ('29', 'message', '2017-07-08 09:43:45', '1970-01-09 04:23:13');
INSERT INTO `like_types` (`id`, `like_type`, `created_at`, `updated_at`) VALUES ('30', 'profile', '1995-08-06 17:38:28', '2012-09-15 21:47:04');
INSERT INTO `like_types` (`id`, `like_type`, `created_at`, `updated_at`) VALUES ('31', 'message', '2009-01-16 00:27:46', '2013-03-16 01:27:07');
INSERT INTO `like_types` (`id`, `like_type`, `created_at`, `updated_at`) VALUES ('32', 'media', '2003-03-23 01:38:57', '1980-09-18 07:30:21');
INSERT INTO `like_types` (`id`, `like_type`, `created_at`, `updated_at`) VALUES ('33', 'profile', '1977-10-21 22:44:45', '2010-10-22 21:04:17');
INSERT INTO `like_types` (`id`, `like_type`, `created_at`, `updated_at`) VALUES ('34', 'message', '1983-05-03 20:07:47', '2009-08-24 16:36:37');
INSERT INTO `like_types` (`id`, `like_type`, `created_at`, `updated_at`) VALUES ('35', 'profile', '1979-08-07 11:34:43', '1990-06-24 18:50:43');
INSERT INTO `like_types` (`id`, `like_type`, `created_at`, `updated_at`) VALUES ('36', 'media', '1994-12-09 23:24:42', '1985-07-20 00:02:40');
INSERT INTO `like_types` (`id`, `like_type`, `created_at`, `updated_at`) VALUES ('37', 'message', '1987-04-21 09:08:01', '1994-09-29 22:17:58');
INSERT INTO `like_types` (`id`, `like_type`, `created_at`, `updated_at`) VALUES ('38', 'profile', '2015-01-18 17:38:11', '1990-03-06 16:59:42');
INSERT INTO `like_types` (`id`, `like_type`, `created_at`, `updated_at`) VALUES ('39', 'profile', '1975-05-21 11:32:03', '2001-01-02 13:14:33');
INSERT INTO `like_types` (`id`, `like_type`, `created_at`, `updated_at`) VALUES ('40', 'message', '1977-06-23 03:37:19', '1982-11-09 01:12:48');
INSERT INTO `like_types` (`id`, `like_type`, `created_at`, `updated_at`) VALUES ('41', 'profile', '1971-12-07 17:39:42', '2019-06-26 00:19:28');
INSERT INTO `like_types` (`id`, `like_type`, `created_at`, `updated_at`) VALUES ('42', 'profile', '1973-05-25 20:29:36', '1972-03-23 15:25:55');
INSERT INTO `like_types` (`id`, `like_type`, `created_at`, `updated_at`) VALUES ('43', 'media', '2017-10-12 21:40:06', '1979-12-10 09:52:27');
INSERT INTO `like_types` (`id`, `like_type`, `created_at`, `updated_at`) VALUES ('44', 'media', '1987-01-29 13:16:31', '1974-05-30 08:12:38');
INSERT INTO `like_types` (`id`, `like_type`, `created_at`, `updated_at`) VALUES ('45', 'profile', '2011-01-14 00:56:21', '2008-01-22 22:10:05');
INSERT INTO `like_types` (`id`, `like_type`, `created_at`, `updated_at`) VALUES ('46', 'message', '1996-12-14 17:47:42', '1995-08-19 16:15:37');
INSERT INTO `like_types` (`id`, `like_type`, `created_at`, `updated_at`) VALUES ('47', 'media', '1984-11-28 12:56:52', '2004-07-17 06:09:57');
INSERT INTO `like_types` (`id`, `like_type`, `created_at`, `updated_at`) VALUES ('48', 'media', '2006-11-03 06:26:06', '1994-04-05 12:41:13');
INSERT INTO `like_types` (`id`, `like_type`, `created_at`, `updated_at`) VALUES ('49', 'media', '1973-12-13 01:23:11', '2013-03-04 23:15:32');
INSERT INTO `like_types` (`id`, `like_type`, `created_at`, `updated_at`) VALUES ('50', 'media', '1982-07-02 07:57:47', '2000-07-13 01:42:07');
INSERT INTO `like_types` (`id`, `like_type`, `created_at`, `updated_at`) VALUES ('51', 'profile', '2008-01-26 01:24:07', '1974-06-18 10:59:25');
INSERT INTO `like_types` (`id`, `like_type`, `created_at`, `updated_at`) VALUES ('52', 'media', '2015-01-31 17:36:36', '2009-08-29 03:16:41');
INSERT INTO `like_types` (`id`, `like_type`, `created_at`, `updated_at`) VALUES ('53', 'profile', '2011-01-07 02:59:00', '2007-08-14 18:22:02');
INSERT INTO `like_types` (`id`, `like_type`, `created_at`, `updated_at`) VALUES ('54', 'profile', '2001-07-22 12:04:42', '1991-04-01 00:27:20');
INSERT INTO `like_types` (`id`, `like_type`, `created_at`, `updated_at`) VALUES ('55', 'media', '2002-05-16 13:03:12', '1984-11-23 11:24:46');
INSERT INTO `like_types` (`id`, `like_type`, `created_at`, `updated_at`) VALUES ('56', 'media', '2008-05-07 21:46:45', '1982-07-24 19:26:25');
INSERT INTO `like_types` (`id`, `like_type`, `created_at`, `updated_at`) VALUES ('57', 'message', '2007-09-08 01:37:09', '1986-07-21 21:43:14');
INSERT INTO `like_types` (`id`, `like_type`, `created_at`, `updated_at`) VALUES ('58', 'message', '2003-10-13 19:16:52', '1990-02-04 03:34:05');
INSERT INTO `like_types` (`id`, `like_type`, `created_at`, `updated_at`) VALUES ('59', 'message', '1996-10-25 03:51:07', '1975-09-20 21:36:11');
INSERT INTO `like_types` (`id`, `like_type`, `created_at`, `updated_at`) VALUES ('60', 'message', '1995-11-12 04:28:15', '2016-01-08 01:33:40');
INSERT INTO `like_types` (`id`, `like_type`, `created_at`, `updated_at`) VALUES ('61', 'profile', '1980-09-26 12:57:16', '1973-12-29 09:13:58');
INSERT INTO `like_types` (`id`, `like_type`, `created_at`, `updated_at`) VALUES ('62', 'media', '1978-02-23 16:32:42', '2012-03-11 14:52:26');
INSERT INTO `like_types` (`id`, `like_type`, `created_at`, `updated_at`) VALUES ('63', 'media', '1979-06-06 10:54:29', '2001-08-31 19:21:49');
INSERT INTO `like_types` (`id`, `like_type`, `created_at`, `updated_at`) VALUES ('64', 'message', '1996-12-22 09:36:09', '1982-08-18 07:37:35');
INSERT INTO `like_types` (`id`, `like_type`, `created_at`, `updated_at`) VALUES ('65', 'message', '2017-09-03 20:47:30', '2005-11-22 15:51:47');
INSERT INTO `like_types` (`id`, `like_type`, `created_at`, `updated_at`) VALUES ('66', 'message', '1988-05-31 18:44:53', '1988-01-05 18:54:53');
INSERT INTO `like_types` (`id`, `like_type`, `created_at`, `updated_at`) VALUES ('67', 'profile', '1981-12-29 12:38:52', '1993-05-03 22:34:38');
INSERT INTO `like_types` (`id`, `like_type`, `created_at`, `updated_at`) VALUES ('68', 'message', '2019-02-03 06:19:02', '1971-09-06 17:46:01');
INSERT INTO `like_types` (`id`, `like_type`, `created_at`, `updated_at`) VALUES ('69', 'media', '2019-02-08 20:52:21', '2009-07-21 04:06:02');
INSERT INTO `like_types` (`id`, `like_type`, `created_at`, `updated_at`) VALUES ('70', 'media', '1977-05-19 16:07:36', '1992-02-06 15:31:52');
INSERT INTO `like_types` (`id`, `like_type`, `created_at`, `updated_at`) VALUES ('71', 'message', '2002-05-31 09:23:34', '2011-07-15 13:41:02');
INSERT INTO `like_types` (`id`, `like_type`, `created_at`, `updated_at`) VALUES ('72', 'profile', '2015-07-19 07:05:42', '1976-08-01 15:09:35');
INSERT INTO `like_types` (`id`, `like_type`, `created_at`, `updated_at`) VALUES ('73', 'profile', '2018-03-20 15:32:38', '2014-03-12 16:50:02');
INSERT INTO `like_types` (`id`, `like_type`, `created_at`, `updated_at`) VALUES ('74', 'media', '2018-12-21 08:42:47', '1997-10-21 10:43:31');
INSERT INTO `like_types` (`id`, `like_type`, `created_at`, `updated_at`) VALUES ('75', 'message', '1982-09-03 12:30:48', '2007-08-27 07:26:17');
INSERT INTO `like_types` (`id`, `like_type`, `created_at`, `updated_at`) VALUES ('76', 'message', '1985-06-16 13:07:27', '1994-12-18 07:13:03');
INSERT INTO `like_types` (`id`, `like_type`, `created_at`, `updated_at`) VALUES ('77', 'profile', '2014-11-03 23:17:54', '2011-07-20 20:01:58');
INSERT INTO `like_types` (`id`, `like_type`, `created_at`, `updated_at`) VALUES ('78', 'profile', '2000-09-22 09:01:08', '1987-12-02 12:37:29');
INSERT INTO `like_types` (`id`, `like_type`, `created_at`, `updated_at`) VALUES ('79', 'profile', '1985-09-26 14:50:23', '1977-03-18 09:03:36');
INSERT INTO `like_types` (`id`, `like_type`, `created_at`, `updated_at`) VALUES ('80', 'message', '1998-09-27 07:41:11', '1973-03-14 09:50:32');
INSERT INTO `like_types` (`id`, `like_type`, `created_at`, `updated_at`) VALUES ('81', 'media', '2004-08-29 09:48:45', '2001-01-22 10:44:01');
INSERT INTO `like_types` (`id`, `like_type`, `created_at`, `updated_at`) VALUES ('82', 'message', '2005-08-07 20:52:25', '2017-02-11 23:17:35');
INSERT INTO `like_types` (`id`, `like_type`, `created_at`, `updated_at`) VALUES ('83', 'media', '1979-11-21 01:00:09', '1994-08-15 20:00:33');
INSERT INTO `like_types` (`id`, `like_type`, `created_at`, `updated_at`) VALUES ('84', 'profile', '1978-03-29 11:29:31', '1971-04-26 23:58:15');
INSERT INTO `like_types` (`id`, `like_type`, `created_at`, `updated_at`) VALUES ('85', 'media', '1983-09-19 05:34:43', '2009-03-23 10:30:09');
INSERT INTO `like_types` (`id`, `like_type`, `created_at`, `updated_at`) VALUES ('86', 'profile', '1982-11-04 19:12:29', '1994-10-17 17:42:17');
INSERT INTO `like_types` (`id`, `like_type`, `created_at`, `updated_at`) VALUES ('87', 'profile', '1982-03-25 14:20:24', '1999-10-01 18:18:46');
INSERT INTO `like_types` (`id`, `like_type`, `created_at`, `updated_at`) VALUES ('88', 'media', '1986-04-29 03:16:41', '2004-09-27 09:08:32');
INSERT INTO `like_types` (`id`, `like_type`, `created_at`, `updated_at`) VALUES ('89', 'media', '2005-01-31 14:56:24', '2014-01-09 15:10:40');
INSERT INTO `like_types` (`id`, `like_type`, `created_at`, `updated_at`) VALUES ('90', 'media', '2007-09-30 22:36:34', '2011-10-14 07:37:42');
INSERT INTO `like_types` (`id`, `like_type`, `created_at`, `updated_at`) VALUES ('91', 'message', '2000-03-25 22:16:07', '2011-05-21 00:41:00');
INSERT INTO `like_types` (`id`, `like_type`, `created_at`, `updated_at`) VALUES ('92', 'media', '2002-11-11 10:16:58', '1991-08-31 08:24:36');
INSERT INTO `like_types` (`id`, `like_type`, `created_at`, `updated_at`) VALUES ('93', 'message', '1999-11-11 17:22:36', '1982-12-27 08:36:21');
INSERT INTO `like_types` (`id`, `like_type`, `created_at`, `updated_at`) VALUES ('94', 'message', '2012-09-16 15:35:30', '1974-12-23 02:14:35');
INSERT INTO `like_types` (`id`, `like_type`, `created_at`, `updated_at`) VALUES ('95', 'profile', '2008-01-03 17:03:06', '1978-01-23 00:30:46');
INSERT INTO `like_types` (`id`, `like_type`, `created_at`, `updated_at`) VALUES ('96', 'profile', '1993-07-04 06:44:03', '1986-01-02 16:06:27');
INSERT INTO `like_types` (`id`, `like_type`, `created_at`, `updated_at`) VALUES ('97', 'message', '1975-05-26 16:17:51', '1997-07-25 06:45:18');
INSERT INTO `like_types` (`id`, `like_type`, `created_at`, `updated_at`) VALUES ('98', 'media', '1978-08-20 10:10:25', '1999-10-09 22:16:33');
INSERT INTO `like_types` (`id`, `like_type`, `created_at`, `updated_at`) VALUES ('99', 'message', '1972-09-04 18:08:00', '1991-02-06 00:23:55');
INSERT INTO `like_types` (`id`, `like_type`, `created_at`, `updated_at`) VALUES ('100', 'media', '1991-12-27 13:12:26', '2019-09-12 15:58:53');


#
# TABLE STRUCTURE FOR: likes
#

DROP TABLE IF EXISTS `likes`;

CREATE TABLE `likes` (
  `id` bigint(20) unsigned NOT NULL AUTO_INCREMENT,
  `like_type_id` bigint(20) unsigned NOT NULL,
  `user_id` bigint(20) unsigned NOT NULL,
  `created_at` datetime DEFAULT current_timestamp(),
  PRIMARY KEY (`id`),
  KEY `user_id` (`user_id`),
  KEY `like_type_id` (`like_type_id`),
  CONSTRAINT `likes_ibfk_1` FOREIGN KEY (`user_id`) REFERENCES `users` (`id`),
  CONSTRAINT `likes_ibfk_2` FOREIGN KEY (`like_type_id`) REFERENCES `like_types` (`id`)
) ENGINE=InnoDB AUTO_INCREMENT=101 DEFAULT CHARSET=utf8 COLLATE=utf8_unicode_ci;

INSERT INTO `likes` (`id`, `like_type_id`, `user_id`, `created_at`) VALUES ('1', '1', '1', '1971-12-15 02:18:49');
INSERT INTO `likes` (`id`, `like_type_id`, `user_id`, `created_at`) VALUES ('2', '2', '2', '2013-10-28 21:06:17');
INSERT INTO `likes` (`id`, `like_type_id`, `user_id`, `created_at`) VALUES ('3', '3', '3', '2016-07-24 18:39:57');
INSERT INTO `likes` (`id`, `like_type_id`, `user_id`, `created_at`) VALUES ('4', '4', '4', '1971-01-27 23:55:23');
INSERT INTO `likes` (`id`, `like_type_id`, `user_id`, `created_at`) VALUES ('5', '5', '5', '1990-04-10 20:17:12');
INSERT INTO `likes` (`id`, `like_type_id`, `user_id`, `created_at`) VALUES ('6', '6', '6', '2000-04-12 00:18:46');
INSERT INTO `likes` (`id`, `like_type_id`, `user_id`, `created_at`) VALUES ('7', '7', '7', '2014-07-19 08:25:50');
INSERT INTO `likes` (`id`, `like_type_id`, `user_id`, `created_at`) VALUES ('8', '8', '8', '1992-11-20 11:38:37');
INSERT INTO `likes` (`id`, `like_type_id`, `user_id`, `created_at`) VALUES ('9', '9', '9', '1983-05-02 18:54:08');
INSERT INTO `likes` (`id`, `like_type_id`, `user_id`, `created_at`) VALUES ('10', '10', '10', '1989-02-06 23:21:46');
INSERT INTO `likes` (`id`, `like_type_id`, `user_id`, `created_at`) VALUES ('11', '11', '11', '1991-02-05 21:30:18');
INSERT INTO `likes` (`id`, `like_type_id`, `user_id`, `created_at`) VALUES ('12', '12', '12', '1992-02-21 07:09:18');
INSERT INTO `likes` (`id`, `like_type_id`, `user_id`, `created_at`) VALUES ('13', '13', '13', '1978-10-09 06:55:13');
INSERT INTO `likes` (`id`, `like_type_id`, `user_id`, `created_at`) VALUES ('14', '14', '14', '1996-01-26 02:28:08');
INSERT INTO `likes` (`id`, `like_type_id`, `user_id`, `created_at`) VALUES ('15', '15', '15', '2008-07-22 14:09:54');
INSERT INTO `likes` (`id`, `like_type_id`, `user_id`, `created_at`) VALUES ('16', '16', '16', '1981-12-14 14:41:19');
INSERT INTO `likes` (`id`, `like_type_id`, `user_id`, `created_at`) VALUES ('17', '17', '17', '2004-10-16 12:07:25');
INSERT INTO `likes` (`id`, `like_type_id`, `user_id`, `created_at`) VALUES ('18', '18', '18', '1991-05-30 00:56:42');
INSERT INTO `likes` (`id`, `like_type_id`, `user_id`, `created_at`) VALUES ('19', '19', '19', '1971-01-14 22:53:14');
INSERT INTO `likes` (`id`, `like_type_id`, `user_id`, `created_at`) VALUES ('20', '20', '20', '1984-08-23 17:40:51');
INSERT INTO `likes` (`id`, `like_type_id`, `user_id`, `created_at`) VALUES ('21', '21', '21', '2010-07-06 20:24:30');
INSERT INTO `likes` (`id`, `like_type_id`, `user_id`, `created_at`) VALUES ('22', '22', '22', '1996-07-16 10:38:24');
INSERT INTO `likes` (`id`, `like_type_id`, `user_id`, `created_at`) VALUES ('23', '23', '23', '1976-05-12 17:05:52');
INSERT INTO `likes` (`id`, `like_type_id`, `user_id`, `created_at`) VALUES ('24', '24', '24', '2013-06-27 09:25:54');
INSERT INTO `likes` (`id`, `like_type_id`, `user_id`, `created_at`) VALUES ('25', '25', '25', '1988-10-09 03:37:21');
INSERT INTO `likes` (`id`, `like_type_id`, `user_id`, `created_at`) VALUES ('26', '26', '26', '2017-12-15 07:00:52');
INSERT INTO `likes` (`id`, `like_type_id`, `user_id`, `created_at`) VALUES ('27', '27', '27', '1973-02-12 09:37:03');
INSERT INTO `likes` (`id`, `like_type_id`, `user_id`, `created_at`) VALUES ('28', '28', '28', '2017-11-02 20:54:54');
INSERT INTO `likes` (`id`, `like_type_id`, `user_id`, `created_at`) VALUES ('29', '29', '29', '2019-07-10 01:02:36');
INSERT INTO `likes` (`id`, `like_type_id`, `user_id`, `created_at`) VALUES ('30', '30', '30', '1988-11-10 12:58:40');
INSERT INTO `likes` (`id`, `like_type_id`, `user_id`, `created_at`) VALUES ('31', '31', '31', '2000-09-19 23:28:47');
INSERT INTO `likes` (`id`, `like_type_id`, `user_id`, `created_at`) VALUES ('32', '32', '32', '1971-01-20 19:36:05');
INSERT INTO `likes` (`id`, `like_type_id`, `user_id`, `created_at`) VALUES ('33', '33', '33', '2005-01-24 07:09:13');
INSERT INTO `likes` (`id`, `like_type_id`, `user_id`, `created_at`) VALUES ('34', '34', '34', '1998-01-31 23:51:09');
INSERT INTO `likes` (`id`, `like_type_id`, `user_id`, `created_at`) VALUES ('35', '35', '35', '1980-09-09 21:49:21');
INSERT INTO `likes` (`id`, `like_type_id`, `user_id`, `created_at`) VALUES ('36', '36', '36', '2002-10-14 08:53:47');
INSERT INTO `likes` (`id`, `like_type_id`, `user_id`, `created_at`) VALUES ('37', '37', '37', '1997-07-31 20:30:11');
INSERT INTO `likes` (`id`, `like_type_id`, `user_id`, `created_at`) VALUES ('38', '38', '38', '1976-08-29 14:47:58');
INSERT INTO `likes` (`id`, `like_type_id`, `user_id`, `created_at`) VALUES ('39', '39', '39', '1973-03-09 18:08:03');
INSERT INTO `likes` (`id`, `like_type_id`, `user_id`, `created_at`) VALUES ('40', '40', '40', '1993-05-03 04:14:07');
INSERT INTO `likes` (`id`, `like_type_id`, `user_id`, `created_at`) VALUES ('41', '41', '41', '1989-09-02 04:41:53');
INSERT INTO `likes` (`id`, `like_type_id`, `user_id`, `created_at`) VALUES ('42', '42', '42', '2003-03-22 12:36:45');
INSERT INTO `likes` (`id`, `like_type_id`, `user_id`, `created_at`) VALUES ('43', '43', '43', '2017-08-17 14:26:30');
INSERT INTO `likes` (`id`, `like_type_id`, `user_id`, `created_at`) VALUES ('44', '44', '44', '2012-10-26 20:27:44');
INSERT INTO `likes` (`id`, `like_type_id`, `user_id`, `created_at`) VALUES ('45', '45', '45', '1998-06-01 11:21:00');
INSERT INTO `likes` (`id`, `like_type_id`, `user_id`, `created_at`) VALUES ('46', '46', '46', '1998-03-25 06:40:59');
INSERT INTO `likes` (`id`, `like_type_id`, `user_id`, `created_at`) VALUES ('47', '47', '47', '2017-08-29 22:11:03');
INSERT INTO `likes` (`id`, `like_type_id`, `user_id`, `created_at`) VALUES ('48', '48', '48', '2004-01-10 15:56:44');
INSERT INTO `likes` (`id`, `like_type_id`, `user_id`, `created_at`) VALUES ('49', '49', '49', '2014-07-13 06:14:39');
INSERT INTO `likes` (`id`, `like_type_id`, `user_id`, `created_at`) VALUES ('50', '50', '50', '2019-06-29 21:31:45');
INSERT INTO `likes` (`id`, `like_type_id`, `user_id`, `created_at`) VALUES ('51', '51', '51', '1972-12-28 13:25:31');
INSERT INTO `likes` (`id`, `like_type_id`, `user_id`, `created_at`) VALUES ('52', '52', '52', '1970-07-18 04:59:34');
INSERT INTO `likes` (`id`, `like_type_id`, `user_id`, `created_at`) VALUES ('53', '53', '53', '1994-08-30 07:30:43');
INSERT INTO `likes` (`id`, `like_type_id`, `user_id`, `created_at`) VALUES ('54', '54', '54', '2005-11-27 20:15:34');
INSERT INTO `likes` (`id`, `like_type_id`, `user_id`, `created_at`) VALUES ('55', '55', '55', '2008-05-12 22:26:53');
INSERT INTO `likes` (`id`, `like_type_id`, `user_id`, `created_at`) VALUES ('56', '56', '56', '2019-02-06 02:44:49');
INSERT INTO `likes` (`id`, `like_type_id`, `user_id`, `created_at`) VALUES ('57', '57', '57', '2013-03-01 17:17:18');
INSERT INTO `likes` (`id`, `like_type_id`, `user_id`, `created_at`) VALUES ('58', '58', '58', '2008-07-18 20:37:37');
INSERT INTO `likes` (`id`, `like_type_id`, `user_id`, `created_at`) VALUES ('59', '59', '59', '2001-01-02 13:35:29');
INSERT INTO `likes` (`id`, `like_type_id`, `user_id`, `created_at`) VALUES ('60', '60', '60', '2001-09-05 20:39:40');
INSERT INTO `likes` (`id`, `like_type_id`, `user_id`, `created_at`) VALUES ('61', '61', '61', '1987-10-13 20:27:00');
INSERT INTO `likes` (`id`, `like_type_id`, `user_id`, `created_at`) VALUES ('62', '62', '62', '2015-08-09 19:35:12');
INSERT INTO `likes` (`id`, `like_type_id`, `user_id`, `created_at`) VALUES ('63', '63', '63', '1977-12-30 13:46:58');
INSERT INTO `likes` (`id`, `like_type_id`, `user_id`, `created_at`) VALUES ('64', '64', '64', '2015-05-01 19:42:46');
INSERT INTO `likes` (`id`, `like_type_id`, `user_id`, `created_at`) VALUES ('65', '65', '65', '2018-11-17 22:39:22');
INSERT INTO `likes` (`id`, `like_type_id`, `user_id`, `created_at`) VALUES ('66', '66', '66', '2003-05-01 19:09:52');
INSERT INTO `likes` (`id`, `like_type_id`, `user_id`, `created_at`) VALUES ('67', '67', '67', '2011-05-18 07:18:24');
INSERT INTO `likes` (`id`, `like_type_id`, `user_id`, `created_at`) VALUES ('68', '68', '68', '1981-02-15 18:46:45');
INSERT INTO `likes` (`id`, `like_type_id`, `user_id`, `created_at`) VALUES ('69', '69', '69', '1989-04-25 09:26:32');
INSERT INTO `likes` (`id`, `like_type_id`, `user_id`, `created_at`) VALUES ('70', '70', '70', '1981-04-18 08:41:03');
INSERT INTO `likes` (`id`, `like_type_id`, `user_id`, `created_at`) VALUES ('71', '71', '71', '2015-04-05 00:37:15');
INSERT INTO `likes` (`id`, `like_type_id`, `user_id`, `created_at`) VALUES ('72', '72', '72', '1975-11-28 10:18:45');
INSERT INTO `likes` (`id`, `like_type_id`, `user_id`, `created_at`) VALUES ('73', '73', '73', '2019-07-31 12:25:17');
INSERT INTO `likes` (`id`, `like_type_id`, `user_id`, `created_at`) VALUES ('74', '74', '74', '1987-04-16 17:01:23');
INSERT INTO `likes` (`id`, `like_type_id`, `user_id`, `created_at`) VALUES ('75', '75', '75', '2003-04-23 22:58:12');
INSERT INTO `likes` (`id`, `like_type_id`, `user_id`, `created_at`) VALUES ('76', '76', '76', '2004-07-13 18:08:10');
INSERT INTO `likes` (`id`, `like_type_id`, `user_id`, `created_at`) VALUES ('77', '77', '77', '1985-01-21 04:53:11');
INSERT INTO `likes` (`id`, `like_type_id`, `user_id`, `created_at`) VALUES ('78', '78', '78', '2009-10-29 19:46:30');
INSERT INTO `likes` (`id`, `like_type_id`, `user_id`, `created_at`) VALUES ('79', '79', '79', '1979-07-10 09:08:17');
INSERT INTO `likes` (`id`, `like_type_id`, `user_id`, `created_at`) VALUES ('80', '80', '80', '1993-11-18 00:50:49');
INSERT INTO `likes` (`id`, `like_type_id`, `user_id`, `created_at`) VALUES ('81', '81', '81', '1973-01-29 23:14:16');
INSERT INTO `likes` (`id`, `like_type_id`, `user_id`, `created_at`) VALUES ('82', '82', '82', '1970-03-14 19:30:39');
INSERT INTO `likes` (`id`, `like_type_id`, `user_id`, `created_at`) VALUES ('83', '83', '83', '2010-01-04 16:03:03');
INSERT INTO `likes` (`id`, `like_type_id`, `user_id`, `created_at`) VALUES ('84', '84', '84', '2018-05-03 05:52:16');
INSERT INTO `likes` (`id`, `like_type_id`, `user_id`, `created_at`) VALUES ('85', '85', '85', '2010-10-11 04:10:12');
INSERT INTO `likes` (`id`, `like_type_id`, `user_id`, `created_at`) VALUES ('86', '86', '86', '1976-05-13 16:15:19');
INSERT INTO `likes` (`id`, `like_type_id`, `user_id`, `created_at`) VALUES ('87', '87', '87', '1997-11-18 02:24:46');
INSERT INTO `likes` (`id`, `like_type_id`, `user_id`, `created_at`) VALUES ('88', '88', '88', '1982-03-06 16:36:28');
INSERT INTO `likes` (`id`, `like_type_id`, `user_id`, `created_at`) VALUES ('89', '89', '89', '1973-07-01 06:13:11');
INSERT INTO `likes` (`id`, `like_type_id`, `user_id`, `created_at`) VALUES ('90', '90', '90', '2005-01-18 23:51:00');
INSERT INTO `likes` (`id`, `like_type_id`, `user_id`, `created_at`) VALUES ('91', '91', '91', '2004-03-17 03:41:39');
INSERT INTO `likes` (`id`, `like_type_id`, `user_id`, `created_at`) VALUES ('92', '92', '92', '1970-08-15 11:01:41');
INSERT INTO `likes` (`id`, `like_type_id`, `user_id`, `created_at`) VALUES ('93', '93', '93', '1997-04-22 23:21:12');
INSERT INTO `likes` (`id`, `like_type_id`, `user_id`, `created_at`) VALUES ('94', '94', '94', '2005-02-17 02:15:26');
INSERT INTO `likes` (`id`, `like_type_id`, `user_id`, `created_at`) VALUES ('95', '95', '95', '1986-09-16 03:39:05');
INSERT INTO `likes` (`id`, `like_type_id`, `user_id`, `created_at`) VALUES ('96', '96', '96', '1984-10-09 04:47:02');
INSERT INTO `likes` (`id`, `like_type_id`, `user_id`, `created_at`) VALUES ('97', '97', '97', '2009-07-09 21:57:53');
INSERT INTO `likes` (`id`, `like_type_id`, `user_id`, `created_at`) VALUES ('98', '98', '98', '1993-01-29 16:44:49');
INSERT INTO `likes` (`id`, `like_type_id`, `user_id`, `created_at`) VALUES ('99', '99', '99', '1970-02-03 01:56:41');
INSERT INTO `likes` (`id`, `like_type_id`, `user_id`, `created_at`) VALUES ('100', '100', '100', '1985-01-05 13:44:58');


#
# TABLE STRUCTURE FOR: media
#

DROP TABLE IF EXISTS `media`;

CREATE TABLE `media` (
  `id` bigint(20) unsigned NOT NULL AUTO_INCREMENT,
  `media_type_id` bigint(20) unsigned NOT NULL,
  `user_id` bigint(20) unsigned NOT NULL,
  `body` text COLLATE utf8_unicode_ci DEFAULT NULL,
  `likes_id` bigint(20) unsigned NOT NULL,
  `filename` varchar(255) COLLATE utf8_unicode_ci DEFAULT NULL,
  `size` int(11) DEFAULT NULL,
  `metadata` longtext CHARACTER SET utf8mb4 COLLATE utf8mb4_bin DEFAULT NULL,
  `created_at` datetime DEFAULT current_timestamp(),
  `updated_at` datetime DEFAULT current_timestamp() ON UPDATE current_timestamp(),
  PRIMARY KEY (`id`),
  KEY `user_id` (`user_id`),
  KEY `media_type_id` (`media_type_id`),
  KEY `likes_id` (`likes_id`),
  CONSTRAINT `media_ibfk_1` FOREIGN KEY (`user_id`) REFERENCES `users` (`id`),
  CONSTRAINT `media_ibfk_2` FOREIGN KEY (`media_type_id`) REFERENCES `media_types` (`id`),
  CONSTRAINT `media_ibfk_3` FOREIGN KEY (`likes_id`) REFERENCES `likes` (`id`)
) ENGINE=InnoDB AUTO_INCREMENT=101 DEFAULT CHARSET=utf8 COLLATE=utf8_unicode_ci;

INSERT INTO `media` (`id`, `media_type_id`, `user_id`, `body`, `likes_id`, `filename`, `size`, `metadata`, `created_at`, `updated_at`) VALUES ('1', '1', '1', 'Voluptatem sed qui aperiam nesciunt dolores aspernatur molestias. Qui quia totam maxime quisquam ut. Est consectetur sint ut rerum temporibus omnis.', '1', 'veritatis', 557319743, NULL, '1999-04-15 00:39:04', '2001-12-16 18:16:38');
INSERT INTO `media` (`id`, `media_type_id`, `user_id`, `body`, `likes_id`, `filename`, `size`, `metadata`, `created_at`, `updated_at`) VALUES ('2', '2', '2', 'Eum exercitationem corporis maiores debitis distinctio est blanditiis sequi. Debitis dolorum vero animi.', '2', 'officiis', 7677666, NULL, '1990-07-30 16:46:58', '1981-10-12 18:45:49');
INSERT INTO `media` (`id`, `media_type_id`, `user_id`, `body`, `likes_id`, `filename`, `size`, `metadata`, `created_at`, `updated_at`) VALUES ('3', '3', '3', 'Eum quo porro ipsam alias repellendus. Est dicta quaerat explicabo odit voluptas dolorem.', '3', 'iste', 1, NULL, '1979-12-12 03:25:16', '2013-01-04 04:20:14');
INSERT INTO `media` (`id`, `media_type_id`, `user_id`, `body`, `likes_id`, `filename`, `size`, `metadata`, `created_at`, `updated_at`) VALUES ('4', '4', '4', 'Officia dolorum aut adipisci et. Ut eum dolores eius et qui. Sed tenetur atque accusantium voluptatem voluptas deleniti.', '4', 'consectetur', 6229191, NULL, '1981-04-21 04:20:23', '1989-08-19 12:54:14');
INSERT INTO `media` (`id`, `media_type_id`, `user_id`, `body`, `likes_id`, `filename`, `size`, `metadata`, `created_at`, `updated_at`) VALUES ('5', '5', '5', 'Aspernatur eos non officiis harum est. Aut magnam tempora assumenda est. Ad debitis qui provident saepe saepe. Est dignissimos aperiam voluptatum unde quisquam.', '5', 'quam', 2510892, NULL, '1980-04-22 02:48:03', '2011-10-01 12:01:39');
INSERT INTO `media` (`id`, `media_type_id`, `user_id`, `body`, `likes_id`, `filename`, `size`, `metadata`, `created_at`, `updated_at`) VALUES ('6', '6', '6', 'Et quisquam velit qui quibusdam officia optio. Officia aut atque at dolor id et nesciunt ratione. Nobis autem ipsa ipsa enim commodi eos. Qui est doloremque quia velit tempore.', '6', 'praesentium', 9449360, NULL, '1982-04-15 23:28:29', '1986-01-21 01:33:34');
INSERT INTO `media` (`id`, `media_type_id`, `user_id`, `body`, `likes_id`, `filename`, `size`, `metadata`, `created_at`, `updated_at`) VALUES ('7', '7', '7', 'Unde laborum ad saepe suscipit mollitia. Quia reiciendis ut quo et saepe. Expedita nostrum id et. Error tempora porro eos illo voluptas minus. Corporis ipsam est ipsam aperiam reprehenderit itaque.', '7', 'aut', 82620562, NULL, '2011-11-05 03:40:36', '1997-01-21 07:32:43');
INSERT INTO `media` (`id`, `media_type_id`, `user_id`, `body`, `likes_id`, `filename`, `size`, `metadata`, `created_at`, `updated_at`) VALUES ('8', '8', '8', 'Id rerum fugit id culpa eos. Accusamus rerum animi qui molestiae sed.', '8', 'dolorem', 551, NULL, '1990-02-01 00:42:43', '1980-11-07 00:37:56');
INSERT INTO `media` (`id`, `media_type_id`, `user_id`, `body`, `likes_id`, `filename`, `size`, `metadata`, `created_at`, `updated_at`) VALUES ('9', '9', '9', 'Id sequi qui ut. Unde consequuntur facilis culpa dicta est quibusdam corrupti beatae. Illo ut et quis eos.', '9', 'quia', 4453, NULL, '2002-05-10 08:47:15', '1999-09-11 00:27:56');
INSERT INTO `media` (`id`, `media_type_id`, `user_id`, `body`, `likes_id`, `filename`, `size`, `metadata`, `created_at`, `updated_at`) VALUES ('10', '10', '10', 'Quo qui et maiores facere sit quo doloribus commodi. Quod odit eveniet non et esse ducimus sit. Debitis sapiente non et earum.', '10', 'voluptatem', 975062, NULL, '1985-01-12 16:26:06', '1977-10-06 03:46:51');
INSERT INTO `media` (`id`, `media_type_id`, `user_id`, `body`, `likes_id`, `filename`, `size`, `metadata`, `created_at`, `updated_at`) VALUES ('11', '11', '11', 'In dolor minus quia ea maiores saepe aspernatur occaecati. Molestias soluta natus molestiae. Corrupti ea voluptatem maxime laudantium dolorum deserunt. Omnis excepturi facere saepe voluptatibus quisquam.', '11', 'repellendus', 28034, NULL, '1978-08-01 19:32:59', '1993-04-05 01:09:13');
INSERT INTO `media` (`id`, `media_type_id`, `user_id`, `body`, `likes_id`, `filename`, `size`, `metadata`, `created_at`, `updated_at`) VALUES ('12', '12', '12', 'Provident aperiam ipsum vero. Et commodi deleniti dicta.', '12', 'aut', 0, NULL, '2011-05-19 16:39:01', '1979-02-22 12:33:53');
INSERT INTO `media` (`id`, `media_type_id`, `user_id`, `body`, `likes_id`, `filename`, `size`, `metadata`, `created_at`, `updated_at`) VALUES ('13', '13', '13', 'Error molestiae sit tempora molestiae. Dolores possimus quis amet qui quas adipisci dolores. Impedit repellendus eaque quia quia ex quo similique. Omnis id cumque laudantium est quia corporis.', '13', 'qui', 8496436, NULL, '1983-02-25 13:45:36', '1983-01-23 00:33:23');
INSERT INTO `media` (`id`, `media_type_id`, `user_id`, `body`, `likes_id`, `filename`, `size`, `metadata`, `created_at`, `updated_at`) VALUES ('14', '14', '14', 'In velit et qui rem rem. Qui voluptatem tempore repellat. Quod et sapiente rerum non nulla assumenda dolorem architecto. Amet rerum ut deserunt in molestias non illo.', '14', 'laudantium', 53, NULL, '2006-11-16 02:25:18', '1995-12-04 22:00:23');
INSERT INTO `media` (`id`, `media_type_id`, `user_id`, `body`, `likes_id`, `filename`, `size`, `metadata`, `created_at`, `updated_at`) VALUES ('15', '15', '15', 'Aut fuga cum maxime inventore. Nesciunt aut quisquam aliquam est sit. Nisi esse voluptatem at voluptatem reprehenderit. Fugiat nihil ut dolores vel vero velit magni.', '15', 'adipisci', 9, NULL, '1972-05-31 06:12:22', '1991-07-08 04:11:07');
INSERT INTO `media` (`id`, `media_type_id`, `user_id`, `body`, `likes_id`, `filename`, `size`, `metadata`, `created_at`, `updated_at`) VALUES ('16', '16', '16', 'Quas consequuntur consequatur totam quasi sint sint. Ipsam nam earum ipsa eos totam. Voluptatibus vel mollitia aperiam facere deserunt dignissimos. Nulla velit sit dicta voluptatibus voluptas tempora et. Fugiat quo non debitis.', '16', 'labore', 897135, NULL, '1978-08-02 13:36:31', '1972-04-16 07:29:47');
INSERT INTO `media` (`id`, `media_type_id`, `user_id`, `body`, `likes_id`, `filename`, `size`, `metadata`, `created_at`, `updated_at`) VALUES ('17', '17', '17', 'Quos facilis dolores iste quidem. Asperiores iusto facere non ullam laudantium. Eaque est voluptas est ipsum perferendis quae similique.', '17', 'qui', 7, NULL, '2015-06-11 17:27:51', '1972-05-08 18:24:34');
INSERT INTO `media` (`id`, `media_type_id`, `user_id`, `body`, `likes_id`, `filename`, `size`, `metadata`, `created_at`, `updated_at`) VALUES ('18', '18', '18', 'Officiis eius incidunt hic tempore eos accusamus quisquam. Voluptatibus nemo quam quasi officia quidem aspernatur. Omnis ut et quae. Doloribus harum earum totam vel. Corporis doloribus sed numquam quia inventore rerum.', '18', 'voluptatem', 64747145, NULL, '2003-12-11 13:17:07', '2000-04-05 02:12:53');
INSERT INTO `media` (`id`, `media_type_id`, `user_id`, `body`, `likes_id`, `filename`, `size`, `metadata`, `created_at`, `updated_at`) VALUES ('19', '19', '19', 'Dolorum optio qui praesentium officiis aut. Quo veritatis expedita autem.', '19', 'aut', 204636, NULL, '2004-01-23 16:22:17', '2016-09-28 21:23:33');
INSERT INTO `media` (`id`, `media_type_id`, `user_id`, `body`, `likes_id`, `filename`, `size`, `metadata`, `created_at`, `updated_at`) VALUES ('20', '20', '20', 'Consequatur quo libero cupiditate ea dolorem quibusdam qui provident. Qui repellat quo accusamus cupiditate at culpa. Ut et numquam vel.', '20', 'a', 3330903, NULL, '2010-12-27 13:35:52', '1983-07-13 19:14:14');
INSERT INTO `media` (`id`, `media_type_id`, `user_id`, `body`, `likes_id`, `filename`, `size`, `metadata`, `created_at`, `updated_at`) VALUES ('21', '21', '21', 'Et doloremque ut earum molestiae sed. Repudiandae aut nostrum ipsa magnam. Sit perferendis vel ipsa occaecati numquam. Id ut consequatur nobis rerum. Quas repellendus a animi dolore laudantium ut ut.', '21', 'quasi', 22697973, NULL, '2009-07-25 16:33:47', '1979-08-25 07:31:12');
INSERT INTO `media` (`id`, `media_type_id`, `user_id`, `body`, `likes_id`, `filename`, `size`, `metadata`, `created_at`, `updated_at`) VALUES ('22', '22', '22', 'Dignissimos id totam et reprehenderit aut voluptas. Qui est enim distinctio necessitatibus qui. Quo qui aut enim animi sit id occaecati. Voluptatibus velit velit et quod nesciunt odit.', '22', 'eveniet', 5, NULL, '2013-12-06 00:30:36', '1972-02-16 17:41:30');
INSERT INTO `media` (`id`, `media_type_id`, `user_id`, `body`, `likes_id`, `filename`, `size`, `metadata`, `created_at`, `updated_at`) VALUES ('23', '23', '23', 'Officiis neque amet cum ex et itaque est praesentium. Cupiditate qui minus animi pariatur. Quae dolor maxime quod dolorum. Quam qui sint unde ratione.', '23', 'atque', 25725, NULL, '2003-04-01 09:18:28', '1983-10-04 06:49:22');
INSERT INTO `media` (`id`, `media_type_id`, `user_id`, `body`, `likes_id`, `filename`, `size`, `metadata`, `created_at`, `updated_at`) VALUES ('24', '24', '24', 'Quasi exercitationem eaque sunt consequuntur quod. Voluptas accusantium excepturi quia earum maiores ratione veniam. Dolorem doloribus sed dolorum veniam et aut molestias sit. Illo molestiae ut numquam quia ducimus vitae nulla.', '24', 'ut', 3, NULL, '2014-01-20 21:35:26', '2000-09-01 03:59:33');
INSERT INTO `media` (`id`, `media_type_id`, `user_id`, `body`, `likes_id`, `filename`, `size`, `metadata`, `created_at`, `updated_at`) VALUES ('25', '25', '25', 'Ut quibusdam molestiae voluptatem delectus consequatur similique. Assumenda rerum cumque ipsam. Vel harum iure nam et aspernatur maiores quia. Quaerat non ut voluptatem impedit quia.', '25', 'ab', 68, NULL, '1976-09-20 00:16:13', '2017-01-03 18:27:41');
INSERT INTO `media` (`id`, `media_type_id`, `user_id`, `body`, `likes_id`, `filename`, `size`, `metadata`, `created_at`, `updated_at`) VALUES ('26', '26', '26', 'Recusandae voluptas aut est. Modi et aliquam non cum magni repudiandae. Quas amet ut sed omnis deleniti omnis officia. Eligendi dolor omnis culpa.', '26', 'possimus', 1, NULL, '2008-05-30 16:05:00', '1978-02-14 11:10:47');
INSERT INTO `media` (`id`, `media_type_id`, `user_id`, `body`, `likes_id`, `filename`, `size`, `metadata`, `created_at`, `updated_at`) VALUES ('27', '27', '27', 'Quis nulla veniam eveniet quas in illum qui. Temporibus fuga ipsam iure voluptatem. Cumque ea ut et sed consectetur occaecati ullam.', '27', 'qui', 33701, NULL, '1995-11-21 18:37:45', '1971-10-13 17:37:11');
INSERT INTO `media` (`id`, `media_type_id`, `user_id`, `body`, `likes_id`, `filename`, `size`, `metadata`, `created_at`, `updated_at`) VALUES ('28', '28', '28', 'Tempore cumque esse est repudiandae. Officiis tempora ut quis officiis.', '28', 'velit', 63910, NULL, '1978-05-29 18:58:27', '2007-07-30 16:29:20');
INSERT INTO `media` (`id`, `media_type_id`, `user_id`, `body`, `likes_id`, `filename`, `size`, `metadata`, `created_at`, `updated_at`) VALUES ('29', '29', '29', 'Est nihil impedit non expedita neque nihil. Soluta nam cumque ipsum cum animi iste aut cupiditate. Quo suscipit ipsam rem rerum voluptas quisquam. Sunt animi esse rerum ut sed.', '29', 'corporis', 84638, NULL, '1971-05-10 08:57:17', '2005-12-31 16:53:37');
INSERT INTO `media` (`id`, `media_type_id`, `user_id`, `body`, `likes_id`, `filename`, `size`, `metadata`, `created_at`, `updated_at`) VALUES ('30', '30', '30', 'Quia possimus suscipit numquam cumque in error at. Exercitationem non sint nostrum tempora inventore. Corporis totam rerum quis sunt. Corporis mollitia aspernatur iure molestias provident vero commodi nihil.', '30', 'sed', 6670584, NULL, '1972-08-18 12:44:20', '2017-06-10 21:53:02');
INSERT INTO `media` (`id`, `media_type_id`, `user_id`, `body`, `likes_id`, `filename`, `size`, `metadata`, `created_at`, `updated_at`) VALUES ('31', '31', '31', 'Nesciunt quia modi ducimus aut eveniet numquam quo. Perferendis alias quos occaecati suscipit harum sunt et dolorum. Vitae voluptatibus dolorem iste accusantium quaerat molestiae et dolore. Nostrum nemo sed vitae aspernatur consequatur.', '31', 'commodi', 879302, NULL, '2010-09-24 11:38:09', '2003-05-30 18:20:29');
INSERT INTO `media` (`id`, `media_type_id`, `user_id`, `body`, `likes_id`, `filename`, `size`, `metadata`, `created_at`, `updated_at`) VALUES ('32', '32', '32', 'Excepturi at voluptas quo harum voluptatem quia nihil. Sapiente maxime ut sed et quia. Fugiat reiciendis et facere nisi et libero ducimus libero.', '32', 'temporibus', 0, NULL, '1990-08-18 01:14:51', '1973-04-29 17:30:10');
INSERT INTO `media` (`id`, `media_type_id`, `user_id`, `body`, `likes_id`, `filename`, `size`, `metadata`, `created_at`, `updated_at`) VALUES ('33', '33', '33', 'Voluptatibus eaque a sunt tenetur earum. Et porro sed et soluta accusantium. Consequuntur dolores blanditiis fuga sed voluptatem molestiae. Eos ipsum ipsam amet ea.', '33', 'quibusdam', 5, NULL, '2019-06-22 08:05:04', '1979-06-04 17:31:47');
INSERT INTO `media` (`id`, `media_type_id`, `user_id`, `body`, `likes_id`, `filename`, `size`, `metadata`, `created_at`, `updated_at`) VALUES ('34', '34', '34', 'Accusamus quasi non dolorem autem quia eaque. Totam accusamus aperiam commodi accusantium temporibus. Quaerat quia perferendis recusandae non amet culpa enim.', '34', 'eos', 6, NULL, '1982-06-04 14:15:46', '2000-12-30 00:31:03');
INSERT INTO `media` (`id`, `media_type_id`, `user_id`, `body`, `likes_id`, `filename`, `size`, `metadata`, `created_at`, `updated_at`) VALUES ('35', '35', '35', 'Provident velit dolores vel repellat odit possimus minima. Quam quod temporibus provident eum cumque.', '35', 'ipsa', 393, NULL, '1987-10-27 17:01:40', '1986-11-03 19:10:14');
INSERT INTO `media` (`id`, `media_type_id`, `user_id`, `body`, `likes_id`, `filename`, `size`, `metadata`, `created_at`, `updated_at`) VALUES ('36', '36', '36', 'Voluptatem quos nihil qui sint nesciunt et dolore culpa. Commodi sapiente aperiam quis perspiciatis. Non amet ea reiciendis nemo. Tenetur iusto eaque esse sunt placeat.', '36', 'maiores', 5562058, NULL, '1990-05-07 08:37:00', '1991-10-28 11:57:58');
INSERT INTO `media` (`id`, `media_type_id`, `user_id`, `body`, `likes_id`, `filename`, `size`, `metadata`, `created_at`, `updated_at`) VALUES ('37', '37', '37', 'Sed iusto rerum doloribus. Error est reprehenderit officia et aut est tempore. Alias fuga cum quia officia.', '37', 'perferendis', 7, NULL, '1982-02-04 21:22:55', '1976-11-29 15:56:32');
INSERT INTO `media` (`id`, `media_type_id`, `user_id`, `body`, `likes_id`, `filename`, `size`, `metadata`, `created_at`, `updated_at`) VALUES ('38', '38', '38', 'Ullam porro aut rerum voluptatem. Modi voluptas temporibus quaerat ullam quia aspernatur natus aut. Qui consequatur qui nesciunt ut et perferendis.', '38', 'neque', 525100, NULL, '2007-02-06 05:31:26', '2013-11-01 21:11:11');
INSERT INTO `media` (`id`, `media_type_id`, `user_id`, `body`, `likes_id`, `filename`, `size`, `metadata`, `created_at`, `updated_at`) VALUES ('39', '39', '39', 'Ullam sapiente molestiae provident ea aperiam. Maiores laboriosam quaerat velit quia est quis. Quia laudantium ipsum qui ipsam. Voluptates quae corrupti cum est minima cum quia. Rerum vitae dignissimos tempore amet quae quia vel.', '39', 'accusantium', 53, NULL, '1983-05-07 01:40:37', '1975-04-07 16:40:10');
INSERT INTO `media` (`id`, `media_type_id`, `user_id`, `body`, `likes_id`, `filename`, `size`, `metadata`, `created_at`, `updated_at`) VALUES ('40', '40', '40', 'Ipsum omnis nulla similique doloribus quas. Delectus quidem omnis recusandae velit. Ut molestiae exercitationem consectetur dolor quibusdam voluptatibus.', '40', 'in', 7884018, NULL, '1993-07-05 08:06:02', '2007-07-25 22:04:34');
INSERT INTO `media` (`id`, `media_type_id`, `user_id`, `body`, `likes_id`, `filename`, `size`, `metadata`, `created_at`, `updated_at`) VALUES ('41', '41', '41', 'Veniam error culpa expedita ratione voluptatum. Natus aut quia vero modi enim debitis.', '41', 'voluptatem', 0, NULL, '2003-06-26 14:37:10', '1994-02-07 03:59:57');
INSERT INTO `media` (`id`, `media_type_id`, `user_id`, `body`, `likes_id`, `filename`, `size`, `metadata`, `created_at`, `updated_at`) VALUES ('42', '42', '42', 'Nulla nulla animi ratione est rerum suscipit. Quas perspiciatis et nihil qui minima sunt.', '42', 'sit', 50411, NULL, '2004-08-13 19:42:12', '1984-06-29 17:52:48');
INSERT INTO `media` (`id`, `media_type_id`, `user_id`, `body`, `likes_id`, `filename`, `size`, `metadata`, `created_at`, `updated_at`) VALUES ('43', '43', '43', 'Quam aperiam ex magni sit autem aut porro. Quia tenetur ipsam ut et. Porro beatae et excepturi facilis.', '43', 'ducimus', 23267087, NULL, '1977-07-07 17:27:44', '1984-02-17 01:50:00');
INSERT INTO `media` (`id`, `media_type_id`, `user_id`, `body`, `likes_id`, `filename`, `size`, `metadata`, `created_at`, `updated_at`) VALUES ('44', '44', '44', 'Qui enim consequuntur voluptates est aperiam quidem doloribus. In vel natus blanditiis a fugit. Similique voluptate nobis fugiat. Quisquam deleniti ullam id vitae dolor.', '44', 'commodi', 4, NULL, '1992-09-17 04:57:12', '1983-07-03 09:02:51');
INSERT INTO `media` (`id`, `media_type_id`, `user_id`, `body`, `likes_id`, `filename`, `size`, `metadata`, `created_at`, `updated_at`) VALUES ('45', '45', '45', 'Facilis quae ratione sit fugit. Voluptatum est suscipit tenetur aspernatur laudantium nihil voluptates eum. Ut vel vero rem officiis quas sit quaerat unde. Impedit ut occaecati dolorem et.', '45', 'nemo', 283268, NULL, '1976-06-20 23:41:49', '2012-10-20 12:03:52');
INSERT INTO `media` (`id`, `media_type_id`, `user_id`, `body`, `likes_id`, `filename`, `size`, `metadata`, `created_at`, `updated_at`) VALUES ('46', '46', '46', 'Velit maxime maxime pariatur dolorem. Eligendi dolor optio totam eos tempore beatae. Deleniti quos qui similique nostrum.', '46', 'qui', 4833251, NULL, '1981-08-01 02:40:13', '2003-06-01 15:39:29');
INSERT INTO `media` (`id`, `media_type_id`, `user_id`, `body`, `likes_id`, `filename`, `size`, `metadata`, `created_at`, `updated_at`) VALUES ('47', '47', '47', 'Quia saepe quas minima perspiciatis sit facere eos. Animi illum atque minima aut eligendi. Dicta ut qui illum non velit laborum omnis.', '47', 'consequatur', 14921, NULL, '2001-12-10 01:24:56', '1974-06-22 00:43:03');
INSERT INTO `media` (`id`, `media_type_id`, `user_id`, `body`, `likes_id`, `filename`, `size`, `metadata`, `created_at`, `updated_at`) VALUES ('48', '48', '48', 'Incidunt incidunt molestiae ut facere. Dolor recusandae eos qui neque quasi quod vero. Quia et temporibus voluptas id eligendi.', '48', 'rerum', 7, NULL, '1970-07-28 12:48:18', '1988-06-21 01:59:48');
INSERT INTO `media` (`id`, `media_type_id`, `user_id`, `body`, `likes_id`, `filename`, `size`, `metadata`, `created_at`, `updated_at`) VALUES ('49', '49', '49', 'Qui praesentium blanditiis porro. Natus pariatur fugit perferendis et.', '49', 'et', 2, NULL, '1982-10-14 18:07:47', '1984-12-27 23:39:40');
INSERT INTO `media` (`id`, `media_type_id`, `user_id`, `body`, `likes_id`, `filename`, `size`, `metadata`, `created_at`, `updated_at`) VALUES ('50', '50', '50', 'Magnam ipsam qui nihil eligendi deleniti. Qui labore aspernatur est aut deleniti. Voluptatem dolore laboriosam eos eaque qui ex.', '50', 'quis', 66, NULL, '1990-11-25 19:51:59', '1996-06-26 04:49:55');
INSERT INTO `media` (`id`, `media_type_id`, `user_id`, `body`, `likes_id`, `filename`, `size`, `metadata`, `created_at`, `updated_at`) VALUES ('51', '51', '51', 'Odit vitae nihil voluptate accusamus quo impedit perferendis. Sapiente occaecati quaerat et dicta et. Qui illo beatae quis beatae nobis tempora autem saepe.', '51', 'consequatur', 989735, NULL, '2010-01-04 16:00:31', '2012-11-28 04:44:30');
INSERT INTO `media` (`id`, `media_type_id`, `user_id`, `body`, `likes_id`, `filename`, `size`, `metadata`, `created_at`, `updated_at`) VALUES ('52', '52', '52', 'Autem doloribus omnis natus vero aut id. Ut reprehenderit vitae eum sint est est. Natus aut doloribus itaque sint sit sunt voluptatum. Id repellendus dolor sunt unde totam repellat libero autem.', '52', 'dolorum', 2, NULL, '2009-04-30 10:38:34', '1994-12-04 07:02:17');
INSERT INTO `media` (`id`, `media_type_id`, `user_id`, `body`, `likes_id`, `filename`, `size`, `metadata`, `created_at`, `updated_at`) VALUES ('53', '53', '53', 'Rerum quia laudantium aut consequuntur. Animi ab doloribus placeat et qui exercitationem amet. Architecto corporis voluptatum illo assumenda aperiam a tempore.', '53', 'laudantium', 38379, NULL, '1982-07-14 16:49:45', '1989-02-03 19:50:26');
INSERT INTO `media` (`id`, `media_type_id`, `user_id`, `body`, `likes_id`, `filename`, `size`, `metadata`, `created_at`, `updated_at`) VALUES ('54', '54', '54', 'Architecto quo cupiditate reprehenderit id qui pariatur. Sit distinctio ut similique sit neque. Alias cupiditate nobis debitis aut. Quod nam recusandae magni architecto doloribus et fuga.', '54', 'cum', 0, NULL, '2014-01-27 01:13:58', '1985-12-02 02:58:48');
INSERT INTO `media` (`id`, `media_type_id`, `user_id`, `body`, `likes_id`, `filename`, `size`, `metadata`, `created_at`, `updated_at`) VALUES ('55', '55', '55', 'Ex repudiandae cum omnis voluptatibus. Tempore dicta dolores architecto corrupti esse aperiam. Nulla culpa quia aut quo sed et tempora.', '55', 'porro', 2312, NULL, '1970-01-25 01:08:42', '1984-02-10 09:23:13');
INSERT INTO `media` (`id`, `media_type_id`, `user_id`, `body`, `likes_id`, `filename`, `size`, `metadata`, `created_at`, `updated_at`) VALUES ('56', '56', '56', 'Deserunt doloremque aut aspernatur soluta inventore porro esse. In itaque explicabo ad autem deserunt odit.', '56', 'et', 140702611, NULL, '2019-06-21 03:08:43', '1987-04-04 06:34:20');
INSERT INTO `media` (`id`, `media_type_id`, `user_id`, `body`, `likes_id`, `filename`, `size`, `metadata`, `created_at`, `updated_at`) VALUES ('57', '57', '57', 'Ut dolores exercitationem debitis culpa aut ex. Ut fugiat veniam ea ut. Nihil in et in ea. Voluptate error ut laudantium nihil et sed itaque sint.', '57', 'dolores', 91, NULL, '2012-01-09 20:30:56', '2009-07-24 11:39:25');
INSERT INTO `media` (`id`, `media_type_id`, `user_id`, `body`, `likes_id`, `filename`, `size`, `metadata`, `created_at`, `updated_at`) VALUES ('58', '58', '58', 'Impedit quis dolor dolorem. Voluptates et sit illo iure sit consequatur dolorem. Dolore aperiam officia qui et. Molestiae pariatur enim ut enim.', '58', 'quis', 88641947, NULL, '2009-07-02 12:16:18', '1974-11-26 07:32:59');
INSERT INTO `media` (`id`, `media_type_id`, `user_id`, `body`, `likes_id`, `filename`, `size`, `metadata`, `created_at`, `updated_at`) VALUES ('59', '59', '59', 'Laborum ab qui eligendi placeat ut aut excepturi eveniet. Minima molestiae nemo in. Dolores sed voluptatum nulla.', '59', 'fuga', 61275849, NULL, '1987-01-12 01:31:19', '2012-10-10 02:01:22');
INSERT INTO `media` (`id`, `media_type_id`, `user_id`, `body`, `likes_id`, `filename`, `size`, `metadata`, `created_at`, `updated_at`) VALUES ('60', '60', '60', 'Perspiciatis nam alias dignissimos temporibus qui a sunt quaerat. Quia mollitia sed hic odio eum. Aut ea saepe qui asperiores aut temporibus. Aut vero distinctio consequatur non. Et aperiam et doloribus fugit eum quas vel dolorem.', '60', 'error', 57967, NULL, '2008-08-07 08:21:44', '2001-08-28 14:50:03');
INSERT INTO `media` (`id`, `media_type_id`, `user_id`, `body`, `likes_id`, `filename`, `size`, `metadata`, `created_at`, `updated_at`) VALUES ('61', '61', '61', 'Aut aspernatur molestias nisi. Illum aperiam quia dolore voluptates. Omnis velit omnis ea explicabo nisi. Error fugit ullam quia voluptatibus voluptatum.', '61', 'impedit', 0, NULL, '2016-10-17 09:47:51', '1987-08-20 18:36:13');
INSERT INTO `media` (`id`, `media_type_id`, `user_id`, `body`, `likes_id`, `filename`, `size`, `metadata`, `created_at`, `updated_at`) VALUES ('62', '62', '62', 'Odio molestiae non exercitationem. Veritatis esse ea est accusamus quo rerum voluptatum totam. Numquam explicabo vero velit quos. Quos voluptatem laborum voluptatibus dicta.', '62', 'odit', 0, NULL, '1989-03-22 22:45:01', '2006-12-09 19:29:34');
INSERT INTO `media` (`id`, `media_type_id`, `user_id`, `body`, `likes_id`, `filename`, `size`, `metadata`, `created_at`, `updated_at`) VALUES ('63', '63', '63', 'Quia et cupiditate impedit totam aliquid eum aspernatur. Maxime aut quod nisi voluptas quam eos.', '63', 'maxime', 2, NULL, '1989-10-11 21:02:58', '2008-11-29 21:31:45');
INSERT INTO `media` (`id`, `media_type_id`, `user_id`, `body`, `likes_id`, `filename`, `size`, `metadata`, `created_at`, `updated_at`) VALUES ('64', '64', '64', 'Praesentium qui delectus ut commodi veniam. Rerum pariatur adipisci error in fugiat est qui. Explicabo at quasi error tenetur debitis veritatis animi. Nesciunt non fuga nulla fugiat.', '64', 'maxime', 329285, NULL, '1974-04-06 00:05:38', '2005-02-02 05:06:36');
INSERT INTO `media` (`id`, `media_type_id`, `user_id`, `body`, `likes_id`, `filename`, `size`, `metadata`, `created_at`, `updated_at`) VALUES ('65', '65', '65', 'Magni omnis rerum occaecati fugit. Ducimus enim voluptas odio ipsa et. Officiis soluta voluptatum autem fuga. Deleniti quod sapiente officia tempore.', '65', 'minus', 418550228, NULL, '2006-09-18 08:36:37', '2009-12-17 01:21:01');
INSERT INTO `media` (`id`, `media_type_id`, `user_id`, `body`, `likes_id`, `filename`, `size`, `metadata`, `created_at`, `updated_at`) VALUES ('66', '66', '66', 'Iure temporibus dicta consequatur eveniet modi vel. Nisi soluta aut quisquam exercitationem et. Qui ullam totam molestias aspernatur. Esse et maiores minus illo voluptatem officiis.', '66', 'rerum', 469, NULL, '1982-05-21 00:48:57', '1971-07-23 01:51:25');
INSERT INTO `media` (`id`, `media_type_id`, `user_id`, `body`, `likes_id`, `filename`, `size`, `metadata`, `created_at`, `updated_at`) VALUES ('67', '67', '67', 'Illo ut ut est numquam. Voluptas quisquam voluptatem maxime. Nulla quibusdam recusandae perspiciatis eum necessitatibus. Molestiae consequatur ea corrupti autem consequatur aspernatur amet.', '67', 'optio', 917, NULL, '1991-11-21 19:40:43', '2015-03-04 19:18:12');
INSERT INTO `media` (`id`, `media_type_id`, `user_id`, `body`, `likes_id`, `filename`, `size`, `metadata`, `created_at`, `updated_at`) VALUES ('68', '68', '68', 'Excepturi itaque autem velit et nisi et. Incidunt est labore nemo dolorem. Perferendis accusantium vel impedit molestiae.', '68', 'itaque', 7, NULL, '2019-05-26 12:07:23', '1996-02-21 18:02:45');
INSERT INTO `media` (`id`, `media_type_id`, `user_id`, `body`, `likes_id`, `filename`, `size`, `metadata`, `created_at`, `updated_at`) VALUES ('69', '69', '69', 'Odio aliquid delectus non totam modi iusto culpa. Et natus suscipit fugiat hic sapiente. Enim dolor mollitia tempora doloribus consequatur. Omnis unde iusto ea aut.', '69', 'nihil', 0, NULL, '2006-12-07 14:34:12', '1998-02-02 05:16:00');
INSERT INTO `media` (`id`, `media_type_id`, `user_id`, `body`, `likes_id`, `filename`, `size`, `metadata`, `created_at`, `updated_at`) VALUES ('70', '70', '70', 'Error atque harum fugit qui. Corrupti hic commodi odit soluta.', '70', 'ratione', 19595, NULL, '1991-08-22 16:20:48', '1998-07-14 00:39:34');
INSERT INTO `media` (`id`, `media_type_id`, `user_id`, `body`, `likes_id`, `filename`, `size`, `metadata`, `created_at`, `updated_at`) VALUES ('71', '71', '71', 'Nisi voluptas error esse repellat et. Mollitia alias odio blanditiis aut optio ut. Sit vitae numquam ratione saepe. Sed et illo et quas.', '71', 'esse', 0, NULL, '2008-09-06 15:20:11', '1981-08-08 19:00:42');
INSERT INTO `media` (`id`, `media_type_id`, `user_id`, `body`, `likes_id`, `filename`, `size`, `metadata`, `created_at`, `updated_at`) VALUES ('72', '72', '72', 'Eum ut est ut ab. Voluptatem odit vero aut qui perspiciatis non facere dolorem. Impedit dicta quia sunt aliquam.', '72', 'doloremque', 136, NULL, '1986-12-06 12:43:40', '2012-07-04 12:24:34');
INSERT INTO `media` (`id`, `media_type_id`, `user_id`, `body`, `likes_id`, `filename`, `size`, `metadata`, `created_at`, `updated_at`) VALUES ('73', '73', '73', 'Quia autem voluptatum animi earum reprehenderit beatae natus. Consequuntur repellendus voluptatem id molestiae harum culpa. Modi exercitationem dolores totam vero atque consequatur.', '73', 'distinctio', 48088453, NULL, '1999-07-18 09:25:41', '2006-07-02 15:49:54');
INSERT INTO `media` (`id`, `media_type_id`, `user_id`, `body`, `likes_id`, `filename`, `size`, `metadata`, `created_at`, `updated_at`) VALUES ('74', '74', '74', 'Quasi in maiores maxime facilis sed nisi rerum velit. Nesciunt voluptas quia voluptates cum quo autem. Maiores dolore voluptatum nihil aliquam eos velit error. Fugiat dolores omnis voluptatum.', '74', 'molestiae', 1551698, NULL, '2000-03-26 06:30:18', '2002-01-06 05:59:25');
INSERT INTO `media` (`id`, `media_type_id`, `user_id`, `body`, `likes_id`, `filename`, `size`, `metadata`, `created_at`, `updated_at`) VALUES ('75', '75', '75', 'Voluptatem eveniet exercitationem at dolores reprehenderit aperiam quae. Dolores harum ipsum laborum similique neque. Perferendis temporibus quibusdam omnis numquam suscipit. Quisquam nulla voluptas facilis esse sed porro nam.', '75', 'nobis', 6534, NULL, '1972-10-14 02:47:43', '2013-12-12 11:57:10');
INSERT INTO `media` (`id`, `media_type_id`, `user_id`, `body`, `likes_id`, `filename`, `size`, `metadata`, `created_at`, `updated_at`) VALUES ('76', '76', '76', 'Autem dolore ut voluptatem similique rerum facere. In dolor fuga aut incidunt dolores ea. Non minima optio recusandae facere saepe.', '76', 'dignissimos', 383708, NULL, '1978-09-19 14:46:38', '1986-03-24 14:12:57');
INSERT INTO `media` (`id`, `media_type_id`, `user_id`, `body`, `likes_id`, `filename`, `size`, `metadata`, `created_at`, `updated_at`) VALUES ('77', '77', '77', 'Qui accusamus ullam dolore saepe id doloremque repellendus. Quia qui atque facere sunt delectus voluptas. Quis est quis quo mollitia ratione. Corporis et nisi illum dolore delectus est dolorem.', '77', 'in', 9, NULL, '2009-05-23 13:21:20', '1999-03-10 16:33:13');
INSERT INTO `media` (`id`, `media_type_id`, `user_id`, `body`, `likes_id`, `filename`, `size`, `metadata`, `created_at`, `updated_at`) VALUES ('78', '78', '78', 'Architecto at libero maxime dignissimos. Numquam quo eos saepe eum quae aliquid. Expedita quas corrupti necessitatibus est autem vitae sed.', '78', 'et', 11888, NULL, '1998-11-27 18:03:10', '1984-10-07 17:34:35');
INSERT INTO `media` (`id`, `media_type_id`, `user_id`, `body`, `likes_id`, `filename`, `size`, `metadata`, `created_at`, `updated_at`) VALUES ('79', '79', '79', 'Quam qui incidunt corporis alias est veniam ut. Odio similique facere consequatur et. Libero iure adipisci quia porro architecto perferendis praesentium. Libero autem et dolorum ullam nihil.', '79', 'exercitationem', 8826728, NULL, '2012-02-06 13:29:54', '2011-01-11 16:42:40');
INSERT INTO `media` (`id`, `media_type_id`, `user_id`, `body`, `likes_id`, `filename`, `size`, `metadata`, `created_at`, `updated_at`) VALUES ('80', '80', '80', 'Explicabo occaecati laborum aperiam sit. Nostrum vel ex repellat qui quod dolorem. Modi voluptas accusantium optio porro assumenda corporis doloremque nihil.', '80', 'tempore', 30, NULL, '1970-11-22 23:58:29', '2013-05-17 15:51:31');
INSERT INTO `media` (`id`, `media_type_id`, `user_id`, `body`, `likes_id`, `filename`, `size`, `metadata`, `created_at`, `updated_at`) VALUES ('81', '81', '81', 'Ex voluptatum suscipit expedita recusandae molestiae commodi. Voluptatem cumque laborum aut temporibus debitis ea.', '81', 'tempore', 387787, NULL, '2017-08-10 22:27:04', '2011-02-03 05:32:03');
INSERT INTO `media` (`id`, `media_type_id`, `user_id`, `body`, `likes_id`, `filename`, `size`, `metadata`, `created_at`, `updated_at`) VALUES ('82', '82', '82', 'Enim harum harum esse eum quo. Culpa ducimus quidem doloremque consectetur eligendi consequatur. Quo quidem qui et.', '82', 'sint', 82497, NULL, '2018-05-02 19:15:19', '2011-07-26 01:22:50');
INSERT INTO `media` (`id`, `media_type_id`, `user_id`, `body`, `likes_id`, `filename`, `size`, `metadata`, `created_at`, `updated_at`) VALUES ('83', '83', '83', 'Cum enim ipsum aliquid et accusantium sunt explicabo est. Cumque molestiae at est ab et ullam velit.', '83', 'voluptatum', 1, NULL, '2015-10-15 13:16:53', '1984-08-07 07:46:35');
INSERT INTO `media` (`id`, `media_type_id`, `user_id`, `body`, `likes_id`, `filename`, `size`, `metadata`, `created_at`, `updated_at`) VALUES ('84', '84', '84', 'Quae quo quidem id. Voluptas quasi reprehenderit ratione nobis corrupti soluta.', '84', 'laboriosam', 868635762, NULL, '2007-06-04 14:47:00', '1990-05-24 18:37:56');
INSERT INTO `media` (`id`, `media_type_id`, `user_id`, `body`, `likes_id`, `filename`, `size`, `metadata`, `created_at`, `updated_at`) VALUES ('85', '85', '85', 'Fugit omnis similique fugit accusamus eaque. Non omnis ipsa quis voluptates.', '85', 'asperiores', 923237, NULL, '1979-10-03 12:06:39', '2009-08-24 03:49:03');
INSERT INTO `media` (`id`, `media_type_id`, `user_id`, `body`, `likes_id`, `filename`, `size`, `metadata`, `created_at`, `updated_at`) VALUES ('86', '86', '86', 'Pariatur minus error itaque et. Eum et omnis consectetur facere cumque. Officia similique deserunt voluptatem quaerat aliquam quod dolores.', '86', 'voluptatibus', 879, NULL, '1989-05-05 00:06:35', '1984-08-15 09:42:14');
INSERT INTO `media` (`id`, `media_type_id`, `user_id`, `body`, `likes_id`, `filename`, `size`, `metadata`, `created_at`, `updated_at`) VALUES ('87', '87', '87', 'Labore alias quae tenetur ea unde explicabo quia. Consectetur dolor quasi a qui id.', '87', 'eos', 11, NULL, '2018-09-06 10:05:40', '2004-06-08 03:34:12');
INSERT INTO `media` (`id`, `media_type_id`, `user_id`, `body`, `likes_id`, `filename`, `size`, `metadata`, `created_at`, `updated_at`) VALUES ('88', '88', '88', 'Expedita ut veniam sed eaque odio expedita eum. Magni molestiae in nostrum. Rerum voluptates id aut aspernatur. Et voluptatem aut enim beatae voluptatem qui voluptatem.', '88', 'itaque', 534, NULL, '1984-11-24 21:57:52', '1995-02-04 06:23:06');
INSERT INTO `media` (`id`, `media_type_id`, `user_id`, `body`, `likes_id`, `filename`, `size`, `metadata`, `created_at`, `updated_at`) VALUES ('89', '89', '89', 'Libero fugiat numquam iure. Eaque fuga harum ex quibusdam dicta velit fugit. Dicta tempore ratione optio eos facilis.', '89', 'eligendi', 4, NULL, '2010-07-10 10:14:56', '2009-05-05 04:50:50');
INSERT INTO `media` (`id`, `media_type_id`, `user_id`, `body`, `likes_id`, `filename`, `size`, `metadata`, `created_at`, `updated_at`) VALUES ('90', '90', '90', 'Beatae aut magnam minima nesciunt omnis omnis. Repellat quo non nihil vero ut aspernatur. Minus sed hic sit eos sapiente eum. Ab consequatur veniam voluptatem alias. Iure voluptatum in quibusdam ratione in.', '90', 'dolore', 7175043, NULL, '1996-11-25 04:56:32', '2011-02-15 08:02:01');
INSERT INTO `media` (`id`, `media_type_id`, `user_id`, `body`, `likes_id`, `filename`, `size`, `metadata`, `created_at`, `updated_at`) VALUES ('91', '91', '91', 'Rerum eos ab dolor dignissimos et natus. Dolorem animi quia vel fugiat repellendus fugit fugit vitae. Eum nostrum aut vel aut mollitia placeat necessitatibus. Sit sed laudantium quidem aperiam reiciendis.', '91', 'architecto', 9551823, NULL, '1997-12-06 06:39:09', '1981-07-14 16:52:50');
INSERT INTO `media` (`id`, `media_type_id`, `user_id`, `body`, `likes_id`, `filename`, `size`, `metadata`, `created_at`, `updated_at`) VALUES ('92', '92', '92', 'Occaecati adipisci aut ut consequatur ducimus. Esse ullam sunt qui et sint nobis. Et id ut natus. Sint quis deleniti dolores sed.', '92', 'at', 640799239, NULL, '1985-12-04 15:13:47', '2005-03-26 08:39:36');
INSERT INTO `media` (`id`, `media_type_id`, `user_id`, `body`, `likes_id`, `filename`, `size`, `metadata`, `created_at`, `updated_at`) VALUES ('93', '93', '93', 'Voluptatem quidem nisi ut repudiandae eligendi alias sint. Molestiae impedit sit ut delectus rerum dicta eum voluptates. Et non autem aut.', '93', 'explicabo', 1129868, NULL, '1974-01-30 06:23:38', '1998-04-23 17:18:33');
INSERT INTO `media` (`id`, `media_type_id`, `user_id`, `body`, `likes_id`, `filename`, `size`, `metadata`, `created_at`, `updated_at`) VALUES ('94', '94', '94', 'Maxime minima et placeat rerum delectus et. Dolor quidem ea ex quis. Optio ipsum quia perspiciatis fuga. Deleniti aut culpa eveniet explicabo id ut excepturi asperiores.', '94', 'qui', 70723693, NULL, '1991-05-12 12:42:48', '1974-10-02 18:27:47');
INSERT INTO `media` (`id`, `media_type_id`, `user_id`, `body`, `likes_id`, `filename`, `size`, `metadata`, `created_at`, `updated_at`) VALUES ('95', '95', '95', 'Est consequatur soluta delectus. Dicta atque dolores dolor placeat velit. Est ipsa dignissimos sint.', '95', 'eligendi', 0, NULL, '1971-04-30 14:38:09', '2014-06-17 05:16:01');
INSERT INTO `media` (`id`, `media_type_id`, `user_id`, `body`, `likes_id`, `filename`, `size`, `metadata`, `created_at`, `updated_at`) VALUES ('96', '96', '96', 'Voluptate molestias quos dolor mollitia. At itaque est consequatur explicabo aut. Perspiciatis est numquam vero officia eveniet accusantium error. Eos quia facilis rerum voluptates illo.', '96', 'quaerat', 50259, NULL, '2012-02-16 03:26:53', '1981-09-23 17:51:59');
INSERT INTO `media` (`id`, `media_type_id`, `user_id`, `body`, `likes_id`, `filename`, `size`, `metadata`, `created_at`, `updated_at`) VALUES ('97', '97', '97', 'Excepturi ut qui nostrum illum esse. In quas neque nihil. Quo voluptatum rerum eius placeat ea eveniet. Enim itaque eligendi dolores aliquid porro officiis sapiente labore.', '97', 'praesentium', 697333, NULL, '2011-10-31 03:05:42', '1976-04-28 02:09:33');
INSERT INTO `media` (`id`, `media_type_id`, `user_id`, `body`, `likes_id`, `filename`, `size`, `metadata`, `created_at`, `updated_at`) VALUES ('98', '98', '98', 'Reiciendis consequuntur beatae id suscipit maxime natus. Qui nesciunt aliquid saepe sunt consequuntur aspernatur. Unde ut et ut assumenda non accusantium maiores deserunt. Recusandae et voluptatum voluptatem facilis.', '98', 'tempore', 730871426, NULL, '1990-08-12 00:35:02', '1990-09-09 20:08:04');
INSERT INTO `media` (`id`, `media_type_id`, `user_id`, `body`, `likes_id`, `filename`, `size`, `metadata`, `created_at`, `updated_at`) VALUES ('99', '99', '99', 'Odit id aut beatae quia dolorum. Dolorum ratione ut praesentium amet.', '99', 'perspiciatis', 42, NULL, '1994-11-14 19:56:06', '1975-06-23 10:45:37');
INSERT INTO `media` (`id`, `media_type_id`, `user_id`, `body`, `likes_id`, `filename`, `size`, `metadata`, `created_at`, `updated_at`) VALUES ('100', '100', '100', 'In eos quo vel esse et. Molestiae officia eligendi quis libero possimus reiciendis. Pariatur deserunt dolor et sed inventore sunt est. Culpa ut iste minima molestias sunt error et eum.', '100', 'magni', 301, NULL, '1992-11-03 14:35:27', '1993-08-27 03:31:35');


#
# TABLE STRUCTURE FOR: media_types
#

DROP TABLE IF EXISTS `media_types`;

CREATE TABLE `media_types` (
  `id` bigint(20) unsigned NOT NULL AUTO_INCREMENT,
  `name` varchar(255) COLLATE utf8_unicode_ci DEFAULT NULL,
  `created_at` datetime DEFAULT current_timestamp(),
  `updated_at` datetime DEFAULT current_timestamp() ON UPDATE current_timestamp(),
  PRIMARY KEY (`id`)
) ENGINE=InnoDB AUTO_INCREMENT=101 DEFAULT CHARSET=utf8 COLLATE=utf8_unicode_ci;

INSERT INTO `media_types` (`id`, `name`, `created_at`, `updated_at`) VALUES ('1', 'repellendus', '1984-02-11 04:01:52', '1986-05-01 19:56:41');
INSERT INTO `media_types` (`id`, `name`, `created_at`, `updated_at`) VALUES ('2', 'eaque', '1975-10-18 21:46:28', '1989-02-05 13:43:05');
INSERT INTO `media_types` (`id`, `name`, `created_at`, `updated_at`) VALUES ('3', 'magnam', '1975-12-20 07:44:10', '2013-02-23 04:19:27');
INSERT INTO `media_types` (`id`, `name`, `created_at`, `updated_at`) VALUES ('4', 'est', '2012-01-01 23:56:36', '2014-02-11 16:24:48');
INSERT INTO `media_types` (`id`, `name`, `created_at`, `updated_at`) VALUES ('5', 'ea', '1971-11-02 05:38:25', '1975-02-08 20:33:19');
INSERT INTO `media_types` (`id`, `name`, `created_at`, `updated_at`) VALUES ('6', 'voluptas', '1983-05-30 12:00:59', '1995-01-21 17:40:09');
INSERT INTO `media_types` (`id`, `name`, `created_at`, `updated_at`) VALUES ('7', 'nihil', '1978-07-04 16:16:20', '1973-04-21 06:01:58');
INSERT INTO `media_types` (`id`, `name`, `created_at`, `updated_at`) VALUES ('8', 'error', '1973-05-27 14:57:29', '2013-09-13 15:48:40');
INSERT INTO `media_types` (`id`, `name`, `created_at`, `updated_at`) VALUES ('9', 'veritatis', '2015-11-25 13:55:06', '1975-11-23 23:42:48');
INSERT INTO `media_types` (`id`, `name`, `created_at`, `updated_at`) VALUES ('10', 'omnis', '1992-11-20 21:56:48', '1982-10-06 18:06:11');
INSERT INTO `media_types` (`id`, `name`, `created_at`, `updated_at`) VALUES ('11', 'consequatur', '2002-01-16 12:21:07', '2014-01-21 00:09:51');
INSERT INTO `media_types` (`id`, `name`, `created_at`, `updated_at`) VALUES ('12', 'suscipit', '1976-12-01 14:19:49', '1973-10-27 10:31:15');
INSERT INTO `media_types` (`id`, `name`, `created_at`, `updated_at`) VALUES ('13', 'dolores', '2007-07-26 02:37:10', '2013-11-03 12:52:44');
INSERT INTO `media_types` (`id`, `name`, `created_at`, `updated_at`) VALUES ('14', 'velit', '1976-12-29 10:15:31', '1982-02-16 02:00:38');
INSERT INTO `media_types` (`id`, `name`, `created_at`, `updated_at`) VALUES ('15', 'necessitatibus', '2001-02-22 07:19:41', '2011-10-22 12:53:54');
INSERT INTO `media_types` (`id`, `name`, `created_at`, `updated_at`) VALUES ('16', 'rerum', '1974-12-17 00:02:09', '2016-04-05 05:21:34');
INSERT INTO `media_types` (`id`, `name`, `created_at`, `updated_at`) VALUES ('17', 'non', '1992-01-17 16:30:44', '1994-01-29 12:31:48');
INSERT INTO `media_types` (`id`, `name`, `created_at`, `updated_at`) VALUES ('18', 'laborum', '1999-12-13 16:51:09', '2014-01-02 01:14:45');
INSERT INTO `media_types` (`id`, `name`, `created_at`, `updated_at`) VALUES ('19', 'cupiditate', '2002-02-23 11:51:16', '1979-05-02 08:41:32');
INSERT INTO `media_types` (`id`, `name`, `created_at`, `updated_at`) VALUES ('20', 'voluptate', '2013-01-02 00:45:10', '1975-07-15 20:42:04');
INSERT INTO `media_types` (`id`, `name`, `created_at`, `updated_at`) VALUES ('21', 'voluptates', '1987-01-10 22:41:57', '1991-11-06 12:09:37');
INSERT INTO `media_types` (`id`, `name`, `created_at`, `updated_at`) VALUES ('22', 'non', '1980-10-28 04:23:03', '2016-10-29 21:22:51');
INSERT INTO `media_types` (`id`, `name`, `created_at`, `updated_at`) VALUES ('23', 'porro', '1982-02-11 10:55:59', '1984-11-26 09:45:17');
INSERT INTO `media_types` (`id`, `name`, `created_at`, `updated_at`) VALUES ('24', 'tempora', '1991-06-16 08:40:41', '2000-06-15 17:07:54');
INSERT INTO `media_types` (`id`, `name`, `created_at`, `updated_at`) VALUES ('25', 'qui', '1977-03-03 18:59:19', '2001-12-27 11:13:19');
INSERT INTO `media_types` (`id`, `name`, `created_at`, `updated_at`) VALUES ('26', 'iure', '2010-02-05 21:27:06', '2001-01-30 15:39:25');
INSERT INTO `media_types` (`id`, `name`, `created_at`, `updated_at`) VALUES ('27', 'rerum', '2008-02-07 02:24:06', '1988-01-02 18:59:45');
INSERT INTO `media_types` (`id`, `name`, `created_at`, `updated_at`) VALUES ('28', 'deleniti', '2012-09-05 12:10:31', '1991-02-03 17:32:09');
INSERT INTO `media_types` (`id`, `name`, `created_at`, `updated_at`) VALUES ('29', 'id', '1972-10-22 22:43:23', '1986-10-15 09:21:09');
INSERT INTO `media_types` (`id`, `name`, `created_at`, `updated_at`) VALUES ('30', 'blanditiis', '2002-03-22 21:28:32', '1993-07-03 09:31:59');
INSERT INTO `media_types` (`id`, `name`, `created_at`, `updated_at`) VALUES ('31', 'facere', '2007-03-13 16:25:23', '2009-05-23 01:13:24');
INSERT INTO `media_types` (`id`, `name`, `created_at`, `updated_at`) VALUES ('32', 'aut', '1972-02-26 03:47:16', '2017-01-17 08:33:27');
INSERT INTO `media_types` (`id`, `name`, `created_at`, `updated_at`) VALUES ('33', 'consequatur', '1991-09-20 00:06:51', '1974-03-05 00:08:30');
INSERT INTO `media_types` (`id`, `name`, `created_at`, `updated_at`) VALUES ('34', 'quos', '1997-11-22 20:01:17', '1973-09-11 23:35:49');
INSERT INTO `media_types` (`id`, `name`, `created_at`, `updated_at`) VALUES ('35', 'est', '1990-02-17 20:18:06', '1980-12-17 04:40:46');
INSERT INTO `media_types` (`id`, `name`, `created_at`, `updated_at`) VALUES ('36', 'natus', '1989-04-12 01:32:23', '2017-12-08 08:39:07');
INSERT INTO `media_types` (`id`, `name`, `created_at`, `updated_at`) VALUES ('37', 'quis', '2018-08-26 14:39:28', '2000-11-05 14:45:46');
INSERT INTO `media_types` (`id`, `name`, `created_at`, `updated_at`) VALUES ('38', 'iste', '2009-07-13 00:27:53', '1973-04-01 02:40:40');
INSERT INTO `media_types` (`id`, `name`, `created_at`, `updated_at`) VALUES ('39', 'animi', '2003-01-17 20:35:00', '2003-07-15 23:12:57');
INSERT INTO `media_types` (`id`, `name`, `created_at`, `updated_at`) VALUES ('40', 'consequuntur', '1995-11-27 14:32:24', '2005-08-06 23:43:44');
INSERT INTO `media_types` (`id`, `name`, `created_at`, `updated_at`) VALUES ('41', 'dolor', '1995-09-09 13:46:27', '1991-08-19 22:39:36');
INSERT INTO `media_types` (`id`, `name`, `created_at`, `updated_at`) VALUES ('42', 'nihil', '1991-08-07 09:07:00', '2001-10-28 15:26:06');
INSERT INTO `media_types` (`id`, `name`, `created_at`, `updated_at`) VALUES ('43', 'sequi', '1982-03-06 03:38:35', '1982-06-06 18:57:56');
INSERT INTO `media_types` (`id`, `name`, `created_at`, `updated_at`) VALUES ('44', 'nihil', '1994-04-25 11:40:24', '2001-03-13 05:46:29');
INSERT INTO `media_types` (`id`, `name`, `created_at`, `updated_at`) VALUES ('45', 'sint', '1977-01-20 18:01:16', '2014-03-05 23:55:48');
INSERT INTO `media_types` (`id`, `name`, `created_at`, `updated_at`) VALUES ('46', 'dolorum', '1987-09-14 03:11:16', '2015-01-11 03:56:28');
INSERT INTO `media_types` (`id`, `name`, `created_at`, `updated_at`) VALUES ('47', 'pariatur', '2006-12-22 01:36:22', '1989-03-17 21:54:55');
INSERT INTO `media_types` (`id`, `name`, `created_at`, `updated_at`) VALUES ('48', 'iusto', '2012-12-06 04:51:05', '1998-06-05 06:35:16');
INSERT INTO `media_types` (`id`, `name`, `created_at`, `updated_at`) VALUES ('49', 'vitae', '2016-02-18 06:18:30', '2018-10-18 16:33:23');
INSERT INTO `media_types` (`id`, `name`, `created_at`, `updated_at`) VALUES ('50', 'quae', '2016-04-21 22:17:55', '1977-09-16 23:28:15');
INSERT INTO `media_types` (`id`, `name`, `created_at`, `updated_at`) VALUES ('51', 'voluptatibus', '1995-05-15 09:46:36', '1994-12-12 07:55:37');
INSERT INTO `media_types` (`id`, `name`, `created_at`, `updated_at`) VALUES ('52', 'sit', '1994-03-03 05:17:21', '2008-09-28 16:46:37');
INSERT INTO `media_types` (`id`, `name`, `created_at`, `updated_at`) VALUES ('53', 'doloribus', '1976-11-23 01:05:02', '1983-02-09 23:45:43');
INSERT INTO `media_types` (`id`, `name`, `created_at`, `updated_at`) VALUES ('54', 'quis', '2015-10-14 04:24:20', '1983-02-09 12:32:24');
INSERT INTO `media_types` (`id`, `name`, `created_at`, `updated_at`) VALUES ('55', 'dignissimos', '2007-05-07 14:00:56', '1971-02-03 02:47:03');
INSERT INTO `media_types` (`id`, `name`, `created_at`, `updated_at`) VALUES ('56', 'perspiciatis', '1989-04-27 16:39:40', '2005-07-10 11:42:31');
INSERT INTO `media_types` (`id`, `name`, `created_at`, `updated_at`) VALUES ('57', 'labore', '2000-10-14 10:38:34', '1996-08-21 08:39:26');
INSERT INTO `media_types` (`id`, `name`, `created_at`, `updated_at`) VALUES ('58', 'harum', '2007-03-06 13:04:35', '2008-06-22 14:55:30');
INSERT INTO `media_types` (`id`, `name`, `created_at`, `updated_at`) VALUES ('59', 'esse', '2005-08-08 21:03:33', '1989-09-24 11:17:52');
INSERT INTO `media_types` (`id`, `name`, `created_at`, `updated_at`) VALUES ('60', 'quibusdam', '1990-10-04 09:46:04', '1989-07-17 18:18:43');
INSERT INTO `media_types` (`id`, `name`, `created_at`, `updated_at`) VALUES ('61', 'magni', '2016-12-06 05:43:04', '2007-10-18 09:25:14');
INSERT INTO `media_types` (`id`, `name`, `created_at`, `updated_at`) VALUES ('62', 'provident', '1980-05-22 19:26:00', '1995-02-01 10:41:43');
INSERT INTO `media_types` (`id`, `name`, `created_at`, `updated_at`) VALUES ('63', 'sunt', '1975-10-26 13:55:28', '2005-03-20 11:14:17');
INSERT INTO `media_types` (`id`, `name`, `created_at`, `updated_at`) VALUES ('64', 'tempora', '2002-05-08 13:20:01', '1997-09-17 14:11:21');
INSERT INTO `media_types` (`id`, `name`, `created_at`, `updated_at`) VALUES ('65', 'itaque', '2003-06-13 19:10:16', '1992-02-21 02:27:27');
INSERT INTO `media_types` (`id`, `name`, `created_at`, `updated_at`) VALUES ('66', 'ab', '1976-12-17 23:56:00', '1986-02-13 10:41:04');
INSERT INTO `media_types` (`id`, `name`, `created_at`, `updated_at`) VALUES ('67', 'consectetur', '1983-01-22 19:11:54', '1978-10-30 11:30:58');
INSERT INTO `media_types` (`id`, `name`, `created_at`, `updated_at`) VALUES ('68', 'quia', '2016-11-08 06:22:44', '1979-07-13 08:35:26');
INSERT INTO `media_types` (`id`, `name`, `created_at`, `updated_at`) VALUES ('69', 'aspernatur', '1997-03-09 10:33:13', '1981-10-10 11:39:54');
INSERT INTO `media_types` (`id`, `name`, `created_at`, `updated_at`) VALUES ('70', 'et', '1999-07-09 12:04:19', '1986-03-24 21:38:20');
INSERT INTO `media_types` (`id`, `name`, `created_at`, `updated_at`) VALUES ('71', 'perspiciatis', '2016-09-25 20:10:38', '2003-05-25 18:21:11');
INSERT INTO `media_types` (`id`, `name`, `created_at`, `updated_at`) VALUES ('72', 'veritatis', '1973-08-12 19:55:56', '2015-09-22 17:05:00');
INSERT INTO `media_types` (`id`, `name`, `created_at`, `updated_at`) VALUES ('73', 'dolores', '1986-08-12 04:44:00', '1986-08-14 08:03:24');
INSERT INTO `media_types` (`id`, `name`, `created_at`, `updated_at`) VALUES ('74', 'et', '1995-11-24 04:27:47', '2015-12-03 08:22:33');
INSERT INTO `media_types` (`id`, `name`, `created_at`, `updated_at`) VALUES ('75', 'et', '1981-12-06 00:10:19', '2001-12-11 06:54:31');
INSERT INTO `media_types` (`id`, `name`, `created_at`, `updated_at`) VALUES ('76', 'esse', '1983-10-17 07:38:39', '2013-09-28 18:52:19');
INSERT INTO `media_types` (`id`, `name`, `created_at`, `updated_at`) VALUES ('77', 'dolores', '1984-12-19 16:51:33', '1992-01-12 01:36:04');
INSERT INTO `media_types` (`id`, `name`, `created_at`, `updated_at`) VALUES ('78', 'itaque', '1993-03-23 13:02:25', '2007-01-06 18:50:30');
INSERT INTO `media_types` (`id`, `name`, `created_at`, `updated_at`) VALUES ('79', 'dicta', '2007-08-25 15:59:51', '1984-11-13 09:59:56');
INSERT INTO `media_types` (`id`, `name`, `created_at`, `updated_at`) VALUES ('80', 'dolor', '2007-10-15 04:44:33', '2016-10-19 19:11:45');
INSERT INTO `media_types` (`id`, `name`, `created_at`, `updated_at`) VALUES ('81', 'voluptatum', '1975-04-06 21:01:20', '1986-10-08 07:59:14');
INSERT INTO `media_types` (`id`, `name`, `created_at`, `updated_at`) VALUES ('82', 'dolorum', '1994-01-19 08:27:02', '1984-05-31 20:40:06');
INSERT INTO `media_types` (`id`, `name`, `created_at`, `updated_at`) VALUES ('83', 'rem', '1973-01-11 22:00:35', '2010-09-09 10:05:18');
INSERT INTO `media_types` (`id`, `name`, `created_at`, `updated_at`) VALUES ('84', 'officia', '2017-05-22 19:42:15', '2002-07-01 22:02:22');
INSERT INTO `media_types` (`id`, `name`, `created_at`, `updated_at`) VALUES ('85', 'quis', '2000-09-29 04:10:29', '1992-10-03 14:13:25');
INSERT INTO `media_types` (`id`, `name`, `created_at`, `updated_at`) VALUES ('86', 'officia', '2005-02-09 02:44:45', '2007-12-20 19:16:41');
INSERT INTO `media_types` (`id`, `name`, `created_at`, `updated_at`) VALUES ('87', 'nostrum', '1985-11-30 11:10:09', '1980-06-07 14:35:35');
INSERT INTO `media_types` (`id`, `name`, `created_at`, `updated_at`) VALUES ('88', 'laboriosam', '1974-12-31 18:57:39', '2004-07-05 05:53:10');
INSERT INTO `media_types` (`id`, `name`, `created_at`, `updated_at`) VALUES ('89', 'qui', '2013-01-16 23:21:43', '2013-12-16 16:08:12');
INSERT INTO `media_types` (`id`, `name`, `created_at`, `updated_at`) VALUES ('90', 'laborum', '1999-11-11 17:01:12', '1990-06-23 16:57:31');
INSERT INTO `media_types` (`id`, `name`, `created_at`, `updated_at`) VALUES ('91', 'consequatur', '2004-04-06 04:36:59', '1996-06-16 15:24:45');
INSERT INTO `media_types` (`id`, `name`, `created_at`, `updated_at`) VALUES ('92', 'dolor', '2005-07-20 06:37:10', '1975-10-11 01:43:31');
INSERT INTO `media_types` (`id`, `name`, `created_at`, `updated_at`) VALUES ('93', 'vel', '1973-04-08 07:50:24', '2016-11-04 09:33:38');
INSERT INTO `media_types` (`id`, `name`, `created_at`, `updated_at`) VALUES ('94', 'aut', '2019-07-10 10:34:03', '1988-07-30 02:18:53');
INSERT INTO `media_types` (`id`, `name`, `created_at`, `updated_at`) VALUES ('95', 'iusto', '1993-03-27 23:40:56', '1973-01-08 05:07:43');
INSERT INTO `media_types` (`id`, `name`, `created_at`, `updated_at`) VALUES ('96', 'minima', '2008-03-16 23:30:40', '1976-11-21 02:34:00');
INSERT INTO `media_types` (`id`, `name`, `created_at`, `updated_at`) VALUES ('97', 'asperiores', '1995-07-20 18:06:37', '1974-02-03 00:19:45');
INSERT INTO `media_types` (`id`, `name`, `created_at`, `updated_at`) VALUES ('98', 'magni', '2019-02-09 05:37:21', '2015-04-16 23:58:59');
INSERT INTO `media_types` (`id`, `name`, `created_at`, `updated_at`) VALUES ('99', 'beatae', '1990-07-29 08:17:48', '1983-09-15 16:47:04');
INSERT INTO `media_types` (`id`, `name`, `created_at`, `updated_at`) VALUES ('100', 'perspiciatis', '1997-06-29 22:04:54', '2017-06-17 18:37:05');


#
# TABLE STRUCTURE FOR: messages
#

DROP TABLE IF EXISTS `messages`;

CREATE TABLE `messages` (
  `id` bigint(20) unsigned NOT NULL AUTO_INCREMENT,
  `from_user_id` bigint(20) unsigned NOT NULL,
  `to_user_id` bigint(20) unsigned NOT NULL,
  `likes_id` bigint(20) unsigned NOT NULL,
  `body` text COLLATE utf8_unicode_ci DEFAULT NULL,
  `created_at` datetime DEFAULT current_timestamp(),
  PRIMARY KEY (`id`),
  KEY `messages_from_user_id` (`from_user_id`),
  KEY `messages_to_user_id` (`to_user_id`),
  KEY `likes_id` (`likes_id`),
  CONSTRAINT `messages_ibfk_1` FOREIGN KEY (`from_user_id`) REFERENCES `users` (`id`),
  CONSTRAINT `messages_ibfk_2` FOREIGN KEY (`to_user_id`) REFERENCES `users` (`id`),
  CONSTRAINT `messages_ibfk_3` FOREIGN KEY (`likes_id`) REFERENCES `likes` (`id`)
) ENGINE=InnoDB AUTO_INCREMENT=101 DEFAULT CHARSET=utf8 COLLATE=utf8_unicode_ci;

INSERT INTO `messages` (`id`, `from_user_id`, `to_user_id`, `likes_id`, `body`, `created_at`) VALUES ('1', '1', '1', '1', 'Ea quidem qui dolorem consequuntur dolorem. Et aut occaecati cupiditate debitis quod sed.', '2012-10-06 16:18:45');
INSERT INTO `messages` (`id`, `from_user_id`, `to_user_id`, `likes_id`, `body`, `created_at`) VALUES ('2', '2', '2', '2', 'Voluptas quis aut nam harum inventore fuga esse qui. Aspernatur minus est harum nesciunt. Aliquid fugit accusantium sint rerum. Qui quia est tenetur.', '2004-02-02 07:27:43');
INSERT INTO `messages` (`id`, `from_user_id`, `to_user_id`, `likes_id`, `body`, `created_at`) VALUES ('3', '3', '3', '3', 'Voluptatem voluptates fugiat est beatae aut. Nostrum earum itaque unde consequatur voluptatem in. Natus quos est sunt architecto. Ut aperiam ut qui commodi.', '1993-05-30 12:18:46');
INSERT INTO `messages` (`id`, `from_user_id`, `to_user_id`, `likes_id`, `body`, `created_at`) VALUES ('4', '4', '4', '4', 'Sit incidunt dignissimos totam perferendis ducimus ipsam. Officia est velit expedita amet voluptas laudantium amet. Quia nulla est ad incidunt fugiat voluptatem laborum. Aut reiciendis enim ea in.', '1998-08-08 10:38:24');
INSERT INTO `messages` (`id`, `from_user_id`, `to_user_id`, `likes_id`, `body`, `created_at`) VALUES ('5', '5', '5', '5', 'Dolore earum aliquid ea amet. Magnam rerum ut inventore libero quos facilis totam. Aut reprehenderit nam nisi a est.', '2015-03-31 10:10:05');
INSERT INTO `messages` (`id`, `from_user_id`, `to_user_id`, `likes_id`, `body`, `created_at`) VALUES ('6', '6', '6', '6', 'Et quam ratione cum. Tenetur ut eos asperiores impedit. Unde unde nihil at pariatur. Qui eos earum velit doloremque rem unde.', '2005-02-22 09:45:17');
INSERT INTO `messages` (`id`, `from_user_id`, `to_user_id`, `likes_id`, `body`, `created_at`) VALUES ('7', '7', '7', '7', 'Aliquid provident labore nisi et expedita sit repellat. Molestiae necessitatibus est iusto repellendus dignissimos. Nulla recusandae tenetur et.', '2003-12-15 20:11:32');
INSERT INTO `messages` (`id`, `from_user_id`, `to_user_id`, `likes_id`, `body`, `created_at`) VALUES ('8', '8', '8', '8', 'Neque vel in praesentium et dolores omnis. Minima ut voluptatem tenetur rerum rerum qui commodi. Magnam facilis perferendis ut ipsum sit.', '2000-03-11 15:24:42');
INSERT INTO `messages` (`id`, `from_user_id`, `to_user_id`, `likes_id`, `body`, `created_at`) VALUES ('9', '9', '9', '9', 'Eveniet velit dignissimos ut velit minus minima. Qui ipsam in quo culpa quos. Voluptatibus aut fugit error tenetur ullam ut. Placeat enim error corrupti veniam doloribus qui voluptatem.', '1998-07-02 07:23:36');
INSERT INTO `messages` (`id`, `from_user_id`, `to_user_id`, `likes_id`, `body`, `created_at`) VALUES ('10', '10', '10', '10', 'Deleniti necessitatibus corporis occaecati aut maiores maxime. Saepe sit et dolor quaerat nihil. Eum accusamus eum libero. Tempore exercitationem inventore non mollitia ipsam dolor necessitatibus.', '1998-04-04 01:22:03');
INSERT INTO `messages` (`id`, `from_user_id`, `to_user_id`, `likes_id`, `body`, `created_at`) VALUES ('11', '11', '11', '11', 'Voluptatem est in et rerum neque neque. Suscipit architecto magni soluta aspernatur nam. Dicta dolores animi sunt dolores doloremque.', '1978-05-09 12:04:40');
INSERT INTO `messages` (`id`, `from_user_id`, `to_user_id`, `likes_id`, `body`, `created_at`) VALUES ('12', '12', '12', '12', 'Est laborum est similique dignissimos voluptatibus in. Voluptatum quibusdam suscipit aspernatur quasi quos alias nisi. Fuga minus facere vitae quia sunt nihil. Quos distinctio deserunt veniam quisquam.', '1986-04-14 09:16:59');
INSERT INTO `messages` (`id`, `from_user_id`, `to_user_id`, `likes_id`, `body`, `created_at`) VALUES ('13', '13', '13', '13', 'Inventore est sunt blanditiis. Ut iure laboriosam quibusdam qui sed. Magnam consectetur voluptates aperiam animi ea occaecati cum. Adipisci amet dolores sunt rem pariatur asperiores.', '2000-09-03 21:06:28');
INSERT INTO `messages` (`id`, `from_user_id`, `to_user_id`, `likes_id`, `body`, `created_at`) VALUES ('14', '14', '14', '14', 'Quos accusamus maxime omnis aut voluptatibus cupiditate quisquam alias. Illo earum dolores dolorem officia. Odio et beatae et omnis. Inventore iure architecto eligendi delectus quo.', '1992-10-31 17:13:00');
INSERT INTO `messages` (`id`, `from_user_id`, `to_user_id`, `likes_id`, `body`, `created_at`) VALUES ('15', '15', '15', '15', 'Saepe facere maxime et quis. Id qui eum sit in adipisci aperiam. Expedita et culpa et dolor et omnis iusto. Autem quasi qui maiores.', '2011-06-08 05:10:39');
INSERT INTO `messages` (`id`, `from_user_id`, `to_user_id`, `likes_id`, `body`, `created_at`) VALUES ('16', '16', '16', '16', 'Debitis explicabo saepe a iusto saepe voluptatem aut. Assumenda architecto pariatur maxime recusandae. Porro architecto minima quia architecto. Cum reprehenderit debitis rerum molestiae iure unde sit.', '2013-06-06 08:46:03');
INSERT INTO `messages` (`id`, `from_user_id`, `to_user_id`, `likes_id`, `body`, `created_at`) VALUES ('17', '17', '17', '17', 'Voluptatem vitae non corrupti pariatur optio. Repellendus consequatur suscipit voluptatem enim sunt. Commodi corrupti explicabo ea libero magnam distinctio occaecati.', '2012-10-03 15:25:11');
INSERT INTO `messages` (`id`, `from_user_id`, `to_user_id`, `likes_id`, `body`, `created_at`) VALUES ('18', '18', '18', '18', 'Iusto consequuntur maiores sapiente sit repellendus non. Quis rerum fugit tenetur minus amet. Quae magni voluptas adipisci dolores. Et exercitationem sit voluptatem magnam aut quia dignissimos.', '1984-01-24 08:19:15');
INSERT INTO `messages` (`id`, `from_user_id`, `to_user_id`, `likes_id`, `body`, `created_at`) VALUES ('19', '19', '19', '19', 'Et perspiciatis et autem quis dignissimos eligendi. Ex iure laudantium animi ut. Laudantium laboriosam et esse amet modi est. At ab sequi vel magnam quo.', '2005-05-12 03:06:33');
INSERT INTO `messages` (`id`, `from_user_id`, `to_user_id`, `likes_id`, `body`, `created_at`) VALUES ('20', '20', '20', '20', 'Voluptas corporis laboriosam iure similique ut. Consequatur tenetur dolorum repellendus. Quidem voluptate at vitae et quia.', '1977-12-05 08:21:23');
INSERT INTO `messages` (`id`, `from_user_id`, `to_user_id`, `likes_id`, `body`, `created_at`) VALUES ('21', '21', '21', '21', 'Voluptas a quasi ea cumque sed. Consequatur repudiandae sequi nostrum accusantium quo. Aut et et et ut. Sapiente et exercitationem fugit voluptate corporis modi.', '2016-07-27 03:08:21');
INSERT INTO `messages` (`id`, `from_user_id`, `to_user_id`, `likes_id`, `body`, `created_at`) VALUES ('22', '22', '22', '22', 'Occaecati et voluptas quisquam. Sunt blanditiis ut tempora consequatur. Voluptas tempore non ut repellendus. Quo ut enim iusto aut perspiciatis sint nisi.', '1971-12-27 02:55:50');
INSERT INTO `messages` (`id`, `from_user_id`, `to_user_id`, `likes_id`, `body`, `created_at`) VALUES ('23', '23', '23', '23', 'Ratione ut saepe velit nam rerum. Debitis veniam saepe ipsa aliquam. Asperiores corporis unde porro dolorum accusamus ipsum est. Corporis aut enim doloribus omnis magni omnis.', '2010-07-13 09:46:25');
INSERT INTO `messages` (`id`, `from_user_id`, `to_user_id`, `likes_id`, `body`, `created_at`) VALUES ('24', '24', '24', '24', 'Modi aut id quaerat deserunt. Corrupti fugit voluptates aut dolorum. Cumque est dicta modi culpa. Ut corrupti necessitatibus tenetur corporis itaque. Quia est consequuntur in.', '2008-10-26 00:21:46');
INSERT INTO `messages` (`id`, `from_user_id`, `to_user_id`, `likes_id`, `body`, `created_at`) VALUES ('25', '25', '25', '25', 'Temporibus alias dolorem voluptas dolores eum ut voluptas. Nobis nulla non ut dolorem. Enim sit expedita distinctio non facilis. Corporis enim dolor ea velit.', '2002-02-17 22:31:38');
INSERT INTO `messages` (`id`, `from_user_id`, `to_user_id`, `likes_id`, `body`, `created_at`) VALUES ('26', '26', '26', '26', 'Temporibus reprehenderit modi veritatis quaerat rerum saepe rerum et. Repellendus debitis placeat aperiam consequatur ipsum. Sed est et numquam eveniet. Eligendi consequatur ipsum sit eum.', '1985-01-04 16:15:00');
INSERT INTO `messages` (`id`, `from_user_id`, `to_user_id`, `likes_id`, `body`, `created_at`) VALUES ('27', '27', '27', '27', 'Beatae amet sed et dolorum. Veritatis molestiae eos dolore eaque laborum. Omnis quasi assumenda recusandae rerum doloremque. Et vel expedita id quae.', '1972-05-13 10:16:05');
INSERT INTO `messages` (`id`, `from_user_id`, `to_user_id`, `likes_id`, `body`, `created_at`) VALUES ('28', '28', '28', '28', 'Optio voluptas corporis animi voluptatem consectetur aut. Et tenetur quaerat deleniti qui exercitationem. Eaque ut aut pariatur laudantium ut sint.', '2014-11-30 16:48:30');
INSERT INTO `messages` (`id`, `from_user_id`, `to_user_id`, `likes_id`, `body`, `created_at`) VALUES ('29', '29', '29', '29', 'Magnam ut unde nisi praesentium odio et fuga. Dolores est dolor labore magnam voluptate id in. Corporis libero optio vero facilis incidunt. Qui et esse adipisci eveniet quae et.', '2013-06-12 01:07:26');
INSERT INTO `messages` (`id`, `from_user_id`, `to_user_id`, `likes_id`, `body`, `created_at`) VALUES ('30', '30', '30', '30', 'Velit ullam quia sequi voluptas rem magni quibusdam pariatur. Asperiores nemo rem delectus est qui rerum. Id omnis aut vel sed in modi. Eos adipisci fugit voluptas.', '1995-08-29 14:29:54');
INSERT INTO `messages` (`id`, `from_user_id`, `to_user_id`, `likes_id`, `body`, `created_at`) VALUES ('31', '31', '31', '31', 'Recusandae blanditiis magnam praesentium beatae laboriosam. Cumque qui voluptates odio qui.', '2018-08-26 00:13:49');
INSERT INTO `messages` (`id`, `from_user_id`, `to_user_id`, `likes_id`, `body`, `created_at`) VALUES ('32', '32', '32', '32', 'Voluptatem sed rerum et quis beatae dolor voluptas. Maiores illo laboriosam distinctio consectetur sed. Et qui maxime pariatur dolor cupiditate incidunt. Sed praesentium vitae facere mollitia.', '1984-12-08 14:43:28');
INSERT INTO `messages` (`id`, `from_user_id`, `to_user_id`, `likes_id`, `body`, `created_at`) VALUES ('33', '33', '33', '33', 'Corrupti odit exercitationem rerum aut harum. Itaque mollitia aut aut dolores atque. Ratione incidunt ea accusantium voluptatum consequuntur. Sit animi hic maxime velit deleniti.', '1974-09-28 06:47:46');
INSERT INTO `messages` (`id`, `from_user_id`, `to_user_id`, `likes_id`, `body`, `created_at`) VALUES ('34', '34', '34', '34', 'Et possimus magni officia occaecati odit porro eos. Dolor veritatis sapiente in praesentium error quos et.', '1986-05-10 23:11:10');
INSERT INTO `messages` (`id`, `from_user_id`, `to_user_id`, `likes_id`, `body`, `created_at`) VALUES ('35', '35', '35', '35', 'Quo qui et et provident. Mollitia error ut praesentium et accusantium delectus sed et. Itaque molestiae est odio blanditiis.', '1972-02-22 00:33:16');
INSERT INTO `messages` (`id`, `from_user_id`, `to_user_id`, `likes_id`, `body`, `created_at`) VALUES ('36', '36', '36', '36', 'Dolor iusto et illo quas perferendis quisquam eveniet. Reiciendis occaecati aut perspiciatis earum sint ut. Qui ut ratione corporis non.', '2003-02-17 02:02:45');
INSERT INTO `messages` (`id`, `from_user_id`, `to_user_id`, `likes_id`, `body`, `created_at`) VALUES ('37', '37', '37', '37', 'Accusantium voluptate quia excepturi quod qui. Quis et dicta omnis rerum dolorum. Numquam harum quod voluptas quas minus minima rem.', '2003-09-27 06:20:13');
INSERT INTO `messages` (`id`, `from_user_id`, `to_user_id`, `likes_id`, `body`, `created_at`) VALUES ('38', '38', '38', '38', 'Perferendis voluptatem esse harum dolores. Vel vero occaecati quis eaque sunt nulla est adipisci. Rerum illum nihil ratione qui est sunt similique. Sunt exercitationem perferendis qui explicabo odio fugit.', '1983-01-19 15:47:07');
INSERT INTO `messages` (`id`, `from_user_id`, `to_user_id`, `likes_id`, `body`, `created_at`) VALUES ('39', '39', '39', '39', 'Nemo et eaque eveniet qui dolores molestiae. Omnis voluptatem iure modi ut et. Quis totam repudiandae aliquid ea. Aperiam non dolores dolorem optio tempore.', '1975-10-08 20:28:05');
INSERT INTO `messages` (`id`, `from_user_id`, `to_user_id`, `likes_id`, `body`, `created_at`) VALUES ('40', '40', '40', '40', 'Dolores voluptatem ipsa harum accusantium culpa. Dolor et nobis maiores rem sed ipsa dolores. Quisquam non sed nisi voluptatem repudiandae voluptas accusamus.', '1981-07-14 15:30:21');
INSERT INTO `messages` (`id`, `from_user_id`, `to_user_id`, `likes_id`, `body`, `created_at`) VALUES ('41', '41', '41', '41', 'Culpa numquam quibusdam non ipsum et enim sequi. Repudiandae ut sit sed nihil sit. Aut aliquid similique aut error eum est sint.', '1995-09-11 16:52:28');
INSERT INTO `messages` (`id`, `from_user_id`, `to_user_id`, `likes_id`, `body`, `created_at`) VALUES ('42', '42', '42', '42', 'Qui ducimus commodi eum non aut ratione facilis. Asperiores libero illum asperiores molestias. Hic delectus voluptas exercitationem laudantium dolores quae quod. Aperiam voluptas est corrupti voluptatum aspernatur temporibus.', '1970-11-30 19:27:45');
INSERT INTO `messages` (`id`, `from_user_id`, `to_user_id`, `likes_id`, `body`, `created_at`) VALUES ('43', '43', '43', '43', 'Eos perferendis explicabo magni eum consequatur numquam neque perferendis. Harum et aperiam alias quo quod sapiente. Ex autem vitae amet reiciendis. Eius molestiae ratione et facere qui quos consequatur veritatis. Id laudantium commodi velit porro et.', '2002-08-27 14:38:49');
INSERT INTO `messages` (`id`, `from_user_id`, `to_user_id`, `likes_id`, `body`, `created_at`) VALUES ('44', '44', '44', '44', 'Minima et deserunt non quis. Laudantium debitis occaecati excepturi et sed earum. Autem ducimus dolorem sit ut unde optio.', '1997-05-30 13:23:16');
INSERT INTO `messages` (`id`, `from_user_id`, `to_user_id`, `likes_id`, `body`, `created_at`) VALUES ('45', '45', '45', '45', 'Repellendus nobis non nobis necessitatibus dolorem. Quis sunt repudiandae sit et voluptatem molestiae qui vel. Doloremque dolor ut saepe dignissimos deserunt qui.', '1978-02-11 05:37:03');
INSERT INTO `messages` (`id`, `from_user_id`, `to_user_id`, `likes_id`, `body`, `created_at`) VALUES ('46', '46', '46', '46', 'Amet voluptatem quia exercitationem sit nemo soluta similique ipsa. Et ducimus magnam et rem reprehenderit perferendis. Ratione deleniti explicabo autem dolor.', '1995-02-20 10:51:55');
INSERT INTO `messages` (`id`, `from_user_id`, `to_user_id`, `likes_id`, `body`, `created_at`) VALUES ('47', '47', '47', '47', 'Ducimus repudiandae quaerat minima distinctio. Asperiores praesentium et expedita consequatur ut omnis exercitationem excepturi. Aut qui sit aut omnis at omnis autem blanditiis. Et odio deleniti est cum.', '1994-03-23 22:57:05');
INSERT INTO `messages` (`id`, `from_user_id`, `to_user_id`, `likes_id`, `body`, `created_at`) VALUES ('48', '48', '48', '48', 'Sequi minima autem provident nihil qui. Ut sapiente omnis tenetur et. Atque dolorum corporis vitae omnis cum beatae. Libero voluptas hic sed ea.', '1995-11-18 09:07:08');
INSERT INTO `messages` (`id`, `from_user_id`, `to_user_id`, `likes_id`, `body`, `created_at`) VALUES ('49', '49', '49', '49', 'Doloremque unde nihil recusandae sequi. Provident debitis eos enim et odio et. Sit dicta et et beatae harum delectus.', '1989-12-23 04:03:36');
INSERT INTO `messages` (`id`, `from_user_id`, `to_user_id`, `likes_id`, `body`, `created_at`) VALUES ('50', '50', '50', '50', 'Sed dolorum quasi doloremque error distinctio eum deserunt. Reiciendis magni veniam repellat animi corporis aliquam et. Alias consequatur sint nihil id.', '2008-01-15 06:23:59');
INSERT INTO `messages` (`id`, `from_user_id`, `to_user_id`, `likes_id`, `body`, `created_at`) VALUES ('51', '51', '51', '51', 'Dolor ea illo eos totam in provident. Ipsa nesciunt pariatur dolore minus. Asperiores dolor vel aliquam esse asperiores cum.', '1975-04-05 07:33:52');
INSERT INTO `messages` (`id`, `from_user_id`, `to_user_id`, `likes_id`, `body`, `created_at`) VALUES ('52', '52', '52', '52', 'Eos aut tempore cumque et expedita fuga minima velit. Delectus adipisci numquam commodi pariatur. Sint quaerat maxime vel enim. Ut minima ut rerum porro. Facilis est repellendus autem perferendis exercitationem ut a.', '1980-05-04 00:51:23');
INSERT INTO `messages` (`id`, `from_user_id`, `to_user_id`, `likes_id`, `body`, `created_at`) VALUES ('53', '53', '53', '53', 'Voluptatibus asperiores hic suscipit quis cupiditate. Voluptatum autem deserunt rerum quae ut aliquid. Qui voluptatem eum modi nam facilis ipsum.', '2019-08-11 00:07:04');
INSERT INTO `messages` (`id`, `from_user_id`, `to_user_id`, `likes_id`, `body`, `created_at`) VALUES ('54', '54', '54', '54', 'Placeat omnis repudiandae dolores rerum. Quo repellat ratione sed laudantium dicta et nobis commodi. Quo iste accusantium non reprehenderit.', '1975-06-28 17:50:21');
INSERT INTO `messages` (`id`, `from_user_id`, `to_user_id`, `likes_id`, `body`, `created_at`) VALUES ('55', '55', '55', '55', 'Ut dolorem occaecati excepturi ad deleniti maxime. Alias quis ut dolor quam magni quod itaque.', '2010-09-14 10:46:08');
INSERT INTO `messages` (`id`, `from_user_id`, `to_user_id`, `likes_id`, `body`, `created_at`) VALUES ('56', '56', '56', '56', 'Odio soluta aut nesciunt molestias est. Sit quae sapiente veritatis. Nihil hic quam consequatur. Ipsum excepturi natus temporibus aspernatur.', '1970-09-24 16:13:34');
INSERT INTO `messages` (`id`, `from_user_id`, `to_user_id`, `likes_id`, `body`, `created_at`) VALUES ('57', '57', '57', '57', 'Ut doloremque nihil ab. Autem a ut fugiat eveniet illum sit consectetur. Earum soluta quisquam ut aut sunt neque.', '2016-08-21 15:42:20');
INSERT INTO `messages` (`id`, `from_user_id`, `to_user_id`, `likes_id`, `body`, `created_at`) VALUES ('58', '58', '58', '58', 'Assumenda iusto maxime pariatur explicabo soluta esse laudantium. Dolorem voluptatem fugit commodi placeat.', '2010-11-03 03:25:29');
INSERT INTO `messages` (`id`, `from_user_id`, `to_user_id`, `likes_id`, `body`, `created_at`) VALUES ('59', '59', '59', '59', 'Quisquam quia officiis rerum aut distinctio. Esse similique libero aut provident. Nihil ipsam molestias odit qui.', '1999-01-10 13:49:25');
INSERT INTO `messages` (`id`, `from_user_id`, `to_user_id`, `likes_id`, `body`, `created_at`) VALUES ('60', '60', '60', '60', 'Perspiciatis blanditiis modi atque excepturi animi quo. Quasi voluptas eveniet ut illum. Asperiores autem velit reiciendis eius aut rem rem voluptatem. Ut numquam et eum laboriosam in sed molestiae.', '1982-11-25 07:30:19');
INSERT INTO `messages` (`id`, `from_user_id`, `to_user_id`, `likes_id`, `body`, `created_at`) VALUES ('61', '61', '61', '61', 'Tempora tempore rerum exercitationem reprehenderit et eveniet at. Repellat nemo eum velit numquam expedita. Qui distinctio sequi sit.', '1980-09-09 04:38:05');
INSERT INTO `messages` (`id`, `from_user_id`, `to_user_id`, `likes_id`, `body`, `created_at`) VALUES ('62', '62', '62', '62', 'Et inventore culpa et incidunt nemo harum vero. Explicabo ipsa sequi perferendis sunt ex. Sapiente eos odit qui. Eius asperiores est adipisci sequi. Voluptatem quis ratione et perspiciatis omnis illum ab.', '2018-07-07 00:34:22');
INSERT INTO `messages` (`id`, `from_user_id`, `to_user_id`, `likes_id`, `body`, `created_at`) VALUES ('63', '63', '63', '63', 'Aut eligendi pariatur laborum aut nesciunt est inventore. Facilis deserunt qui perferendis qui id aliquid. Cumque et molestiae dolores architecto vero nemo saepe qui. Dolorum quae voluptatem aut qui est perspiciatis.', '1994-08-26 14:56:31');
INSERT INTO `messages` (`id`, `from_user_id`, `to_user_id`, `likes_id`, `body`, `created_at`) VALUES ('64', '64', '64', '64', 'Quo reprehenderit delectus cum. Nisi velit ut officia ab. Dicta quisquam vitae omnis aut omnis consectetur dolor. Velit aut sit doloremque ad fugiat nisi ut. Tempora nisi mollitia quod rerum.', '1990-02-11 03:07:33');
INSERT INTO `messages` (`id`, `from_user_id`, `to_user_id`, `likes_id`, `body`, `created_at`) VALUES ('65', '65', '65', '65', 'Inventore odit est delectus iusto. Perferendis perspiciatis cumque beatae illum. Consequatur corporis ea eos dolores.', '1985-02-24 12:05:00');
INSERT INTO `messages` (`id`, `from_user_id`, `to_user_id`, `likes_id`, `body`, `created_at`) VALUES ('66', '66', '66', '66', 'Neque facilis sunt porro ullam non consequuntur et. Quidem et incidunt saepe ut alias necessitatibus sed. Et ab ipsam voluptatibus omnis hic distinctio modi. Atque eum magni aliquam est neque repudiandae eos.', '1972-11-03 20:30:45');
INSERT INTO `messages` (`id`, `from_user_id`, `to_user_id`, `likes_id`, `body`, `created_at`) VALUES ('67', '67', '67', '67', 'Tempore labore impedit commodi fugiat temporibus. Quaerat dolorem magnam natus expedita sint at repellendus. Est fugit deleniti aut vero unde aspernatur magni. Consequatur et sint inventore. Qui quia sunt consectetur.', '1976-07-18 11:19:18');
INSERT INTO `messages` (`id`, `from_user_id`, `to_user_id`, `likes_id`, `body`, `created_at`) VALUES ('68', '68', '68', '68', 'Aspernatur itaque excepturi nostrum quasi. Est similique in amet totam.', '1999-06-26 11:08:29');
INSERT INTO `messages` (`id`, `from_user_id`, `to_user_id`, `likes_id`, `body`, `created_at`) VALUES ('69', '69', '69', '69', 'Rerum animi labore sit et voluptatem distinctio ut. Ut voluptatem et in reprehenderit aut et recusandae. Quia est temporibus laborum fugit ea rerum consequuntur.', '1989-03-28 04:44:42');
INSERT INTO `messages` (`id`, `from_user_id`, `to_user_id`, `likes_id`, `body`, `created_at`) VALUES ('70', '70', '70', '70', 'Voluptatem in iste in illo culpa. Tempora est velit assumenda possimus expedita eos a. Inventore molestiae et sed ducimus ea. Soluta est amet iure.', '2007-12-17 09:05:42');
INSERT INTO `messages` (`id`, `from_user_id`, `to_user_id`, `likes_id`, `body`, `created_at`) VALUES ('71', '71', '71', '71', 'Totam occaecati ut sit exercitationem non et. Doloremque adipisci iste maiores. Quis temporibus quia fugit et qui soluta perspiciatis inventore.', '1984-02-15 08:22:20');
INSERT INTO `messages` (`id`, `from_user_id`, `to_user_id`, `likes_id`, `body`, `created_at`) VALUES ('72', '72', '72', '72', 'Nam nemo quam iusto ipsa accusantium reprehenderit cumque. Dolores sint omnis rem molestiae nihil sint dolor. Occaecati eos doloribus libero vel. Ut pariatur quo rem necessitatibus facilis.', '1998-06-17 17:11:06');
INSERT INTO `messages` (`id`, `from_user_id`, `to_user_id`, `likes_id`, `body`, `created_at`) VALUES ('73', '73', '73', '73', 'Aliquid natus possimus ut nemo. Et dolorem non non cum voluptatem. Ratione nostrum eum occaecati nihil quibusdam. Qui possimus consequatur quia iste.', '2016-11-27 18:02:13');
INSERT INTO `messages` (`id`, `from_user_id`, `to_user_id`, `likes_id`, `body`, `created_at`) VALUES ('74', '74', '74', '74', 'Voluptatem cupiditate eum incidunt qui atque architecto corrupti. Et cupiditate at est dicta adipisci. Tempora sequi voluptatem numquam quo dicta.', '2012-06-01 13:32:29');
INSERT INTO `messages` (`id`, `from_user_id`, `to_user_id`, `likes_id`, `body`, `created_at`) VALUES ('75', '75', '75', '75', 'Rerum neque vitae cupiditate. Omnis harum ea accusantium est. Repellat quia et natus quod unde est voluptatem.', '1996-07-18 23:58:44');
INSERT INTO `messages` (`id`, `from_user_id`, `to_user_id`, `likes_id`, `body`, `created_at`) VALUES ('76', '76', '76', '76', 'Reprehenderit expedita nemo fugit et explicabo. Fugit nobis id debitis explicabo dolorem. Vel provident nulla omnis.', '1998-06-10 14:42:46');
INSERT INTO `messages` (`id`, `from_user_id`, `to_user_id`, `likes_id`, `body`, `created_at`) VALUES ('77', '77', '77', '77', 'Nisi accusamus amet beatae dolore est. Accusamus sint velit natus. Repellendus est quaerat nobis blanditiis repellat sunt. Rerum culpa in accusamus praesentium cum quam.', '1976-05-17 06:12:42');
INSERT INTO `messages` (`id`, `from_user_id`, `to_user_id`, `likes_id`, `body`, `created_at`) VALUES ('78', '78', '78', '78', 'Velit dolore veritatis in molestias quas impedit iure. Non et eum est. Vero laudantium cum voluptas dolore vero est. Consequuntur ducimus minus voluptas ut consequatur facere.', '1993-05-20 02:39:45');
INSERT INTO `messages` (`id`, `from_user_id`, `to_user_id`, `likes_id`, `body`, `created_at`) VALUES ('79', '79', '79', '79', 'Autem consequatur qui ut laboriosam nam soluta. Et blanditiis nam occaecati. Itaque illo provident omnis.', '2015-12-24 04:53:15');
INSERT INTO `messages` (`id`, `from_user_id`, `to_user_id`, `likes_id`, `body`, `created_at`) VALUES ('80', '80', '80', '80', 'Ex eaque voluptatem aut est laboriosam. Inventore hic eum eos fugit. Magnam autem sit voluptatem iste hic beatae.', '1995-06-24 21:31:16');
INSERT INTO `messages` (`id`, `from_user_id`, `to_user_id`, `likes_id`, `body`, `created_at`) VALUES ('81', '81', '81', '81', 'Quia animi voluptates eum. Sed odit omnis enim. Eveniet dolore blanditiis sint quas enim. Quo ut et quia eligendi praesentium iure.', '1971-07-14 06:20:52');
INSERT INTO `messages` (`id`, `from_user_id`, `to_user_id`, `likes_id`, `body`, `created_at`) VALUES ('82', '82', '82', '82', 'Vel ut velit mollitia dicta est sunt. Iure et debitis eveniet vel. Eligendi maiores non voluptatem quis saepe odio. Est ad non cumque dolorem eum.', '1984-11-20 21:51:49');
INSERT INTO `messages` (`id`, `from_user_id`, `to_user_id`, `likes_id`, `body`, `created_at`) VALUES ('83', '83', '83', '83', 'Unde veritatis ipsum non corrupti possimus. Blanditiis molestiae illum ratione aut. Quae est eum libero expedita perferendis.', '1970-03-17 03:14:42');
INSERT INTO `messages` (`id`, `from_user_id`, `to_user_id`, `likes_id`, `body`, `created_at`) VALUES ('84', '84', '84', '84', 'Omnis fugiat aut consequatur voluptatem porro veritatis. Autem iste mollitia dolores asperiores veritatis. Deserunt ea itaque rerum illo modi.', '1989-02-07 04:23:16');
INSERT INTO `messages` (`id`, `from_user_id`, `to_user_id`, `likes_id`, `body`, `created_at`) VALUES ('85', '85', '85', '85', 'Eos sit odit magnam quidem ut. Et quasi rem inventore repellat non quis iusto in. Repellat doloremque similique eum ex. Iure illo nostrum quia ipsa.', '2010-12-18 21:12:08');
INSERT INTO `messages` (`id`, `from_user_id`, `to_user_id`, `likes_id`, `body`, `created_at`) VALUES ('86', '86', '86', '86', 'Iste accusantium nobis ipsam maiores incidunt. Omnis exercitationem eveniet odit sit libero excepturi. Illo iure est ratione explicabo enim. Veritatis quasi officiis odit et ad assumenda sequi. Quidem nisi et est.', '1972-07-01 13:06:01');
INSERT INTO `messages` (`id`, `from_user_id`, `to_user_id`, `likes_id`, `body`, `created_at`) VALUES ('87', '87', '87', '87', 'Facilis ipsa quod non molestiae officia soluta. Consequatur autem aut quam nihil fugit.', '1982-09-16 05:10:29');
INSERT INTO `messages` (`id`, `from_user_id`, `to_user_id`, `likes_id`, `body`, `created_at`) VALUES ('88', '88', '88', '88', 'Rerum odio qui ea. Voluptatem omnis maxime aut necessitatibus quidem minus. Minus rerum doloremque dolor non quibusdam corporis culpa.', '2002-07-25 08:39:15');
INSERT INTO `messages` (`id`, `from_user_id`, `to_user_id`, `likes_id`, `body`, `created_at`) VALUES ('89', '89', '89', '89', 'Iusto beatae eaque asperiores ducimus sit. Accusamus iure voluptate iste eligendi. Laboriosam quia sapiente voluptas molestiae.', '1978-10-02 01:38:18');
INSERT INTO `messages` (`id`, `from_user_id`, `to_user_id`, `likes_id`, `body`, `created_at`) VALUES ('90', '90', '90', '90', 'Velit voluptatum quia laboriosam magnam ducimus ipsa natus. Dolores error sed omnis sed dolorem sunt. Officiis molestias qui magni sit. Suscipit aut voluptatem et veritatis.', '2018-12-23 15:14:58');
INSERT INTO `messages` (`id`, `from_user_id`, `to_user_id`, `likes_id`, `body`, `created_at`) VALUES ('91', '91', '91', '91', 'Ab libero sint autem et libero et ut dolorem. Dolor rerum facere harum velit accusantium doloremque. Omnis assumenda atque voluptates nihil fuga inventore eius. Aliquam quaerat doloremque velit assumenda perspiciatis. Repellendus fuga velit vel nostrum.', '2011-11-08 00:33:37');
INSERT INTO `messages` (`id`, `from_user_id`, `to_user_id`, `likes_id`, `body`, `created_at`) VALUES ('92', '92', '92', '92', 'Dolorum blanditiis vel voluptas est et aut. Ullam facere animi vitae aperiam.', '1988-01-02 00:00:30');
INSERT INTO `messages` (`id`, `from_user_id`, `to_user_id`, `likes_id`, `body`, `created_at`) VALUES ('93', '93', '93', '93', 'Et dolor possimus reprehenderit quos adipisci quas aut. Ipsum at ea iste tempore fugit ratione. Sed deleniti ipsam excepturi nihil.', '2012-05-03 19:25:05');
INSERT INTO `messages` (`id`, `from_user_id`, `to_user_id`, `likes_id`, `body`, `created_at`) VALUES ('94', '94', '94', '94', 'Voluptate libero minima natus minima. Rerum et iure distinctio eveniet. Enim nobis tenetur ea. Tenetur ab enim fugiat voluptatem molestiae deleniti.', '1976-02-02 11:37:23');
INSERT INTO `messages` (`id`, `from_user_id`, `to_user_id`, `likes_id`, `body`, `created_at`) VALUES ('95', '95', '95', '95', 'Sit reprehenderit optio ipsum consequatur. Magnam ducimus minima magnam harum aut non sit. Fugiat possimus repellat id harum aut consequatur quo.', '1987-04-29 23:22:11');
INSERT INTO `messages` (`id`, `from_user_id`, `to_user_id`, `likes_id`, `body`, `created_at`) VALUES ('96', '96', '96', '96', 'Dolores veniam nihil accusamus et repellendus quam laboriosam. Et cupiditate molestiae est quo inventore quibusdam aliquid. Cumque laboriosam voluptatem enim molestiae enim. Deleniti ipsum et eos corporis.', '1987-04-10 17:55:58');
INSERT INTO `messages` (`id`, `from_user_id`, `to_user_id`, `likes_id`, `body`, `created_at`) VALUES ('97', '97', '97', '97', 'Aut enim occaecati dolore eos repellat. Amet corrupti ut iure natus quam et blanditiis. Cum quae rem atque voluptatibus et consectetur. Iusto corporis voluptatem et nesciunt.', '1991-09-14 22:37:10');
INSERT INTO `messages` (`id`, `from_user_id`, `to_user_id`, `likes_id`, `body`, `created_at`) VALUES ('98', '98', '98', '98', 'Neque eaque eaque nulla explicabo doloremque. Magni rerum laboriosam et id. Voluptates harum id sint deserunt. Repellat rerum ratione neque cumque ullam atque autem. Quis quo veritatis expedita optio ea ducimus vel.', '1987-06-04 03:14:53');
INSERT INTO `messages` (`id`, `from_user_id`, `to_user_id`, `likes_id`, `body`, `created_at`) VALUES ('99', '99', '99', '99', 'Aspernatur eum molestiae est voluptas sit consequatur voluptas eos. Aperiam consequuntur natus non voluptas minus ipsam. Dolores omnis impedit iusto accusamus veritatis optio. Repudiandae aut dolorem non aperiam nobis omnis.', '1985-09-22 19:51:41');
INSERT INTO `messages` (`id`, `from_user_id`, `to_user_id`, `likes_id`, `body`, `created_at`) VALUES ('100', '100', '100', '100', 'Veritatis quia perspiciatis sint recusandae et est. Vero vitae est saepe aliquam illo dicta. Maxime nobis repellendus dolorem id.', '1992-11-06 23:02:19');


#
# TABLE STRUCTURE FOR: photo_albums
#

DROP TABLE IF EXISTS `photo_albums`;

CREATE TABLE `photo_albums` (
  `id` bigint(20) unsigned NOT NULL AUTO_INCREMENT,
  `name` varchar(255) COLLATE utf8_unicode_ci DEFAULT NULL,
  `user_id` bigint(20) unsigned DEFAULT NULL,
  PRIMARY KEY (`id`),
  UNIQUE KEY `id` (`id`),
  KEY `user_id` (`user_id`),
  CONSTRAINT `photo_albums_ibfk_1` FOREIGN KEY (`user_id`) REFERENCES `users` (`id`)
) ENGINE=InnoDB AUTO_INCREMENT=101 DEFAULT CHARSET=utf8 COLLATE=utf8_unicode_ci;

INSERT INTO `photo_albums` (`id`, `name`, `user_id`) VALUES ('1', 'laudantium', '1');
INSERT INTO `photo_albums` (`id`, `name`, `user_id`) VALUES ('2', 'et', '2');
INSERT INTO `photo_albums` (`id`, `name`, `user_id`) VALUES ('3', 'praesentium', '3');
INSERT INTO `photo_albums` (`id`, `name`, `user_id`) VALUES ('4', 'quo', '4');
INSERT INTO `photo_albums` (`id`, `name`, `user_id`) VALUES ('5', 'eveniet', '5');
INSERT INTO `photo_albums` (`id`, `name`, `user_id`) VALUES ('6', 'doloribus', '6');
INSERT INTO `photo_albums` (`id`, `name`, `user_id`) VALUES ('7', 'vero', '7');
INSERT INTO `photo_albums` (`id`, `name`, `user_id`) VALUES ('8', 'sed', '8');
INSERT INTO `photo_albums` (`id`, `name`, `user_id`) VALUES ('9', 'modi', '9');
INSERT INTO `photo_albums` (`id`, `name`, `user_id`) VALUES ('10', 'mollitia', '10');
INSERT INTO `photo_albums` (`id`, `name`, `user_id`) VALUES ('11', 'iste', '11');
INSERT INTO `photo_albums` (`id`, `name`, `user_id`) VALUES ('12', 'at', '12');
INSERT INTO `photo_albums` (`id`, `name`, `user_id`) VALUES ('13', 'eos', '13');
INSERT INTO `photo_albums` (`id`, `name`, `user_id`) VALUES ('14', 'quas', '14');
INSERT INTO `photo_albums` (`id`, `name`, `user_id`) VALUES ('15', 'facere', '15');
INSERT INTO `photo_albums` (`id`, `name`, `user_id`) VALUES ('16', 'amet', '16');
INSERT INTO `photo_albums` (`id`, `name`, `user_id`) VALUES ('17', 'temporibus', '17');
INSERT INTO `photo_albums` (`id`, `name`, `user_id`) VALUES ('18', 'sunt', '18');
INSERT INTO `photo_albums` (`id`, `name`, `user_id`) VALUES ('19', 'fugiat', '19');
INSERT INTO `photo_albums` (`id`, `name`, `user_id`) VALUES ('20', 'sunt', '20');
INSERT INTO `photo_albums` (`id`, `name`, `user_id`) VALUES ('21', 'voluptas', '21');
INSERT INTO `photo_albums` (`id`, `name`, `user_id`) VALUES ('22', 'quis', '22');
INSERT INTO `photo_albums` (`id`, `name`, `user_id`) VALUES ('23', 'sunt', '23');
INSERT INTO `photo_albums` (`id`, `name`, `user_id`) VALUES ('24', 'est', '24');
INSERT INTO `photo_albums` (`id`, `name`, `user_id`) VALUES ('25', 'dolor', '25');
INSERT INTO `photo_albums` (`id`, `name`, `user_id`) VALUES ('26', 'totam', '26');
INSERT INTO `photo_albums` (`id`, `name`, `user_id`) VALUES ('27', 'sunt', '27');
INSERT INTO `photo_albums` (`id`, `name`, `user_id`) VALUES ('28', 'culpa', '28');
INSERT INTO `photo_albums` (`id`, `name`, `user_id`) VALUES ('29', 'modi', '29');
INSERT INTO `photo_albums` (`id`, `name`, `user_id`) VALUES ('30', 'quidem', '30');
INSERT INTO `photo_albums` (`id`, `name`, `user_id`) VALUES ('31', 'odio', '31');
INSERT INTO `photo_albums` (`id`, `name`, `user_id`) VALUES ('32', 'maxime', '32');
INSERT INTO `photo_albums` (`id`, `name`, `user_id`) VALUES ('33', 'mollitia', '33');
INSERT INTO `photo_albums` (`id`, `name`, `user_id`) VALUES ('34', 'in', '34');
INSERT INTO `photo_albums` (`id`, `name`, `user_id`) VALUES ('35', 'at', '35');
INSERT INTO `photo_albums` (`id`, `name`, `user_id`) VALUES ('36', 'perferendis', '36');
INSERT INTO `photo_albums` (`id`, `name`, `user_id`) VALUES ('37', 'nulla', '37');
INSERT INTO `photo_albums` (`id`, `name`, `user_id`) VALUES ('38', 'voluptatem', '38');
INSERT INTO `photo_albums` (`id`, `name`, `user_id`) VALUES ('39', 'mollitia', '39');
INSERT INTO `photo_albums` (`id`, `name`, `user_id`) VALUES ('40', 'eaque', '40');
INSERT INTO `photo_albums` (`id`, `name`, `user_id`) VALUES ('41', 'in', '41');
INSERT INTO `photo_albums` (`id`, `name`, `user_id`) VALUES ('42', 'magnam', '42');
INSERT INTO `photo_albums` (`id`, `name`, `user_id`) VALUES ('43', 'illo', '43');
INSERT INTO `photo_albums` (`id`, `name`, `user_id`) VALUES ('44', 'harum', '44');
INSERT INTO `photo_albums` (`id`, `name`, `user_id`) VALUES ('45', 'illo', '45');
INSERT INTO `photo_albums` (`id`, `name`, `user_id`) VALUES ('46', 'sed', '46');
INSERT INTO `photo_albums` (`id`, `name`, `user_id`) VALUES ('47', 'dolore', '47');
INSERT INTO `photo_albums` (`id`, `name`, `user_id`) VALUES ('48', 'dolorum', '48');
INSERT INTO `photo_albums` (`id`, `name`, `user_id`) VALUES ('49', 'laboriosam', '49');
INSERT INTO `photo_albums` (`id`, `name`, `user_id`) VALUES ('50', 'molestiae', '50');
INSERT INTO `photo_albums` (`id`, `name`, `user_id`) VALUES ('51', 'voluptas', '51');
INSERT INTO `photo_albums` (`id`, `name`, `user_id`) VALUES ('52', 'omnis', '52');
INSERT INTO `photo_albums` (`id`, `name`, `user_id`) VALUES ('53', 'nulla', '53');
INSERT INTO `photo_albums` (`id`, `name`, `user_id`) VALUES ('54', 'dolorem', '54');
INSERT INTO `photo_albums` (`id`, `name`, `user_id`) VALUES ('55', 'repellendus', '55');
INSERT INTO `photo_albums` (`id`, `name`, `user_id`) VALUES ('56', 'consequatur', '56');
INSERT INTO `photo_albums` (`id`, `name`, `user_id`) VALUES ('57', 'mollitia', '57');
INSERT INTO `photo_albums` (`id`, `name`, `user_id`) VALUES ('58', 'dolorem', '58');
INSERT INTO `photo_albums` (`id`, `name`, `user_id`) VALUES ('59', 'rerum', '59');
INSERT INTO `photo_albums` (`id`, `name`, `user_id`) VALUES ('60', 'possimus', '60');
INSERT INTO `photo_albums` (`id`, `name`, `user_id`) VALUES ('61', 'ducimus', '61');
INSERT INTO `photo_albums` (`id`, `name`, `user_id`) VALUES ('62', 'aut', '62');
INSERT INTO `photo_albums` (`id`, `name`, `user_id`) VALUES ('63', 'provident', '63');
INSERT INTO `photo_albums` (`id`, `name`, `user_id`) VALUES ('64', 'voluptatem', '64');
INSERT INTO `photo_albums` (`id`, `name`, `user_id`) VALUES ('65', 'voluptatibus', '65');
INSERT INTO `photo_albums` (`id`, `name`, `user_id`) VALUES ('66', 'placeat', '66');
INSERT INTO `photo_albums` (`id`, `name`, `user_id`) VALUES ('67', 'modi', '67');
INSERT INTO `photo_albums` (`id`, `name`, `user_id`) VALUES ('68', 'beatae', '68');
INSERT INTO `photo_albums` (`id`, `name`, `user_id`) VALUES ('69', 'voluptatem', '69');
INSERT INTO `photo_albums` (`id`, `name`, `user_id`) VALUES ('70', 'atque', '70');
INSERT INTO `photo_albums` (`id`, `name`, `user_id`) VALUES ('71', 'et', '71');
INSERT INTO `photo_albums` (`id`, `name`, `user_id`) VALUES ('72', 'non', '72');
INSERT INTO `photo_albums` (`id`, `name`, `user_id`) VALUES ('73', 'itaque', '73');
INSERT INTO `photo_albums` (`id`, `name`, `user_id`) VALUES ('74', 'asperiores', '74');
INSERT INTO `photo_albums` (`id`, `name`, `user_id`) VALUES ('75', 'ab', '75');
INSERT INTO `photo_albums` (`id`, `name`, `user_id`) VALUES ('76', 'sint', '76');
INSERT INTO `photo_albums` (`id`, `name`, `user_id`) VALUES ('77', 'eius', '77');
INSERT INTO `photo_albums` (`id`, `name`, `user_id`) VALUES ('78', 'consequuntur', '78');
INSERT INTO `photo_albums` (`id`, `name`, `user_id`) VALUES ('79', 'voluptatem', '79');
INSERT INTO `photo_albums` (`id`, `name`, `user_id`) VALUES ('80', 'ut', '80');
INSERT INTO `photo_albums` (`id`, `name`, `user_id`) VALUES ('81', 'aperiam', '81');
INSERT INTO `photo_albums` (`id`, `name`, `user_id`) VALUES ('82', 'iure', '82');
INSERT INTO `photo_albums` (`id`, `name`, `user_id`) VALUES ('83', 'ab', '83');
INSERT INTO `photo_albums` (`id`, `name`, `user_id`) VALUES ('84', 'est', '84');
INSERT INTO `photo_albums` (`id`, `name`, `user_id`) VALUES ('85', 'fugit', '85');
INSERT INTO `photo_albums` (`id`, `name`, `user_id`) VALUES ('86', 'aperiam', '86');
INSERT INTO `photo_albums` (`id`, `name`, `user_id`) VALUES ('87', 'veritatis', '87');
INSERT INTO `photo_albums` (`id`, `name`, `user_id`) VALUES ('88', 'ut', '88');
INSERT INTO `photo_albums` (`id`, `name`, `user_id`) VALUES ('89', 'tempora', '89');
INSERT INTO `photo_albums` (`id`, `name`, `user_id`) VALUES ('90', 'fuga', '90');
INSERT INTO `photo_albums` (`id`, `name`, `user_id`) VALUES ('91', 'ex', '91');
INSERT INTO `photo_albums` (`id`, `name`, `user_id`) VALUES ('92', 'tempora', '92');
INSERT INTO `photo_albums` (`id`, `name`, `user_id`) VALUES ('93', 'iste', '93');
INSERT INTO `photo_albums` (`id`, `name`, `user_id`) VALUES ('94', 'neque', '94');
INSERT INTO `photo_albums` (`id`, `name`, `user_id`) VALUES ('95', 'nam', '95');
INSERT INTO `photo_albums` (`id`, `name`, `user_id`) VALUES ('96', 'ullam', '96');
INSERT INTO `photo_albums` (`id`, `name`, `user_id`) VALUES ('97', 'voluptas', '97');
INSERT INTO `photo_albums` (`id`, `name`, `user_id`) VALUES ('98', 'modi', '98');
INSERT INTO `photo_albums` (`id`, `name`, `user_id`) VALUES ('99', 'ducimus', '99');
INSERT INTO `photo_albums` (`id`, `name`, `user_id`) VALUES ('100', 'non', '100');


#
# TABLE STRUCTURE FOR: photos
#

DROP TABLE IF EXISTS `photos`;

CREATE TABLE `photos` (
  `id` bigint(20) unsigned NOT NULL AUTO_INCREMENT,
  `album_id` bigint(20) unsigned NOT NULL,
  `media_id` bigint(20) unsigned NOT NULL,
  PRIMARY KEY (`id`),
  KEY `album_id` (`album_id`),
  KEY `media_id` (`media_id`),
  CONSTRAINT `photos_ibfk_1` FOREIGN KEY (`album_id`) REFERENCES `photo_albums` (`id`),
  CONSTRAINT `photos_ibfk_2` FOREIGN KEY (`media_id`) REFERENCES `media` (`id`)
) ENGINE=InnoDB AUTO_INCREMENT=101 DEFAULT CHARSET=utf8 COLLATE=utf8_unicode_ci;

INSERT INTO `photos` (`id`, `album_id`, `media_id`) VALUES ('1', '1', '1');
INSERT INTO `photos` (`id`, `album_id`, `media_id`) VALUES ('2', '2', '2');
INSERT INTO `photos` (`id`, `album_id`, `media_id`) VALUES ('3', '3', '3');
INSERT INTO `photos` (`id`, `album_id`, `media_id`) VALUES ('4', '4', '4');
INSERT INTO `photos` (`id`, `album_id`, `media_id`) VALUES ('5', '5', '5');
INSERT INTO `photos` (`id`, `album_id`, `media_id`) VALUES ('6', '6', '6');
INSERT INTO `photos` (`id`, `album_id`, `media_id`) VALUES ('7', '7', '7');
INSERT INTO `photos` (`id`, `album_id`, `media_id`) VALUES ('8', '8', '8');
INSERT INTO `photos` (`id`, `album_id`, `media_id`) VALUES ('9', '9', '9');
INSERT INTO `photos` (`id`, `album_id`, `media_id`) VALUES ('10', '10', '10');
INSERT INTO `photos` (`id`, `album_id`, `media_id`) VALUES ('11', '11', '11');
INSERT INTO `photos` (`id`, `album_id`, `media_id`) VALUES ('12', '12', '12');
INSERT INTO `photos` (`id`, `album_id`, `media_id`) VALUES ('13', '13', '13');
INSERT INTO `photos` (`id`, `album_id`, `media_id`) VALUES ('14', '14', '14');
INSERT INTO `photos` (`id`, `album_id`, `media_id`) VALUES ('15', '15', '15');
INSERT INTO `photos` (`id`, `album_id`, `media_id`) VALUES ('16', '16', '16');
INSERT INTO `photos` (`id`, `album_id`, `media_id`) VALUES ('17', '17', '17');
INSERT INTO `photos` (`id`, `album_id`, `media_id`) VALUES ('18', '18', '18');
INSERT INTO `photos` (`id`, `album_id`, `media_id`) VALUES ('19', '19', '19');
INSERT INTO `photos` (`id`, `album_id`, `media_id`) VALUES ('20', '20', '20');
INSERT INTO `photos` (`id`, `album_id`, `media_id`) VALUES ('21', '21', '21');
INSERT INTO `photos` (`id`, `album_id`, `media_id`) VALUES ('22', '22', '22');
INSERT INTO `photos` (`id`, `album_id`, `media_id`) VALUES ('23', '23', '23');
INSERT INTO `photos` (`id`, `album_id`, `media_id`) VALUES ('24', '24', '24');
INSERT INTO `photos` (`id`, `album_id`, `media_id`) VALUES ('25', '25', '25');
INSERT INTO `photos` (`id`, `album_id`, `media_id`) VALUES ('26', '26', '26');
INSERT INTO `photos` (`id`, `album_id`, `media_id`) VALUES ('27', '27', '27');
INSERT INTO `photos` (`id`, `album_id`, `media_id`) VALUES ('28', '28', '28');
INSERT INTO `photos` (`id`, `album_id`, `media_id`) VALUES ('29', '29', '29');
INSERT INTO `photos` (`id`, `album_id`, `media_id`) VALUES ('30', '30', '30');
INSERT INTO `photos` (`id`, `album_id`, `media_id`) VALUES ('31', '31', '31');
INSERT INTO `photos` (`id`, `album_id`, `media_id`) VALUES ('32', '32', '32');
INSERT INTO `photos` (`id`, `album_id`, `media_id`) VALUES ('33', '33', '33');
INSERT INTO `photos` (`id`, `album_id`, `media_id`) VALUES ('34', '34', '34');
INSERT INTO `photos` (`id`, `album_id`, `media_id`) VALUES ('35', '35', '35');
INSERT INTO `photos` (`id`, `album_id`, `media_id`) VALUES ('36', '36', '36');
INSERT INTO `photos` (`id`, `album_id`, `media_id`) VALUES ('37', '37', '37');
INSERT INTO `photos` (`id`, `album_id`, `media_id`) VALUES ('38', '38', '38');
INSERT INTO `photos` (`id`, `album_id`, `media_id`) VALUES ('39', '39', '39');
INSERT INTO `photos` (`id`, `album_id`, `media_id`) VALUES ('40', '40', '40');
INSERT INTO `photos` (`id`, `album_id`, `media_id`) VALUES ('41', '41', '41');
INSERT INTO `photos` (`id`, `album_id`, `media_id`) VALUES ('42', '42', '42');
INSERT INTO `photos` (`id`, `album_id`, `media_id`) VALUES ('43', '43', '43');
INSERT INTO `photos` (`id`, `album_id`, `media_id`) VALUES ('44', '44', '44');
INSERT INTO `photos` (`id`, `album_id`, `media_id`) VALUES ('45', '45', '45');
INSERT INTO `photos` (`id`, `album_id`, `media_id`) VALUES ('46', '46', '46');
INSERT INTO `photos` (`id`, `album_id`, `media_id`) VALUES ('47', '47', '47');
INSERT INTO `photos` (`id`, `album_id`, `media_id`) VALUES ('48', '48', '48');
INSERT INTO `photos` (`id`, `album_id`, `media_id`) VALUES ('49', '49', '49');
INSERT INTO `photos` (`id`, `album_id`, `media_id`) VALUES ('50', '50', '50');
INSERT INTO `photos` (`id`, `album_id`, `media_id`) VALUES ('51', '51', '51');
INSERT INTO `photos` (`id`, `album_id`, `media_id`) VALUES ('52', '52', '52');
INSERT INTO `photos` (`id`, `album_id`, `media_id`) VALUES ('53', '53', '53');
INSERT INTO `photos` (`id`, `album_id`, `media_id`) VALUES ('54', '54', '54');
INSERT INTO `photos` (`id`, `album_id`, `media_id`) VALUES ('55', '55', '55');
INSERT INTO `photos` (`id`, `album_id`, `media_id`) VALUES ('56', '56', '56');
INSERT INTO `photos` (`id`, `album_id`, `media_id`) VALUES ('57', '57', '57');
INSERT INTO `photos` (`id`, `album_id`, `media_id`) VALUES ('58', '58', '58');
INSERT INTO `photos` (`id`, `album_id`, `media_id`) VALUES ('59', '59', '59');
INSERT INTO `photos` (`id`, `album_id`, `media_id`) VALUES ('60', '60', '60');
INSERT INTO `photos` (`id`, `album_id`, `media_id`) VALUES ('61', '61', '61');
INSERT INTO `photos` (`id`, `album_id`, `media_id`) VALUES ('62', '62', '62');
INSERT INTO `photos` (`id`, `album_id`, `media_id`) VALUES ('63', '63', '63');
INSERT INTO `photos` (`id`, `album_id`, `media_id`) VALUES ('64', '64', '64');
INSERT INTO `photos` (`id`, `album_id`, `media_id`) VALUES ('65', '65', '65');
INSERT INTO `photos` (`id`, `album_id`, `media_id`) VALUES ('66', '66', '66');
INSERT INTO `photos` (`id`, `album_id`, `media_id`) VALUES ('67', '67', '67');
INSERT INTO `photos` (`id`, `album_id`, `media_id`) VALUES ('68', '68', '68');
INSERT INTO `photos` (`id`, `album_id`, `media_id`) VALUES ('69', '69', '69');
INSERT INTO `photos` (`id`, `album_id`, `media_id`) VALUES ('70', '70', '70');
INSERT INTO `photos` (`id`, `album_id`, `media_id`) VALUES ('71', '71', '71');
INSERT INTO `photos` (`id`, `album_id`, `media_id`) VALUES ('72', '72', '72');
INSERT INTO `photos` (`id`, `album_id`, `media_id`) VALUES ('73', '73', '73');
INSERT INTO `photos` (`id`, `album_id`, `media_id`) VALUES ('74', '74', '74');
INSERT INTO `photos` (`id`, `album_id`, `media_id`) VALUES ('75', '75', '75');
INSERT INTO `photos` (`id`, `album_id`, `media_id`) VALUES ('76', '76', '76');
INSERT INTO `photos` (`id`, `album_id`, `media_id`) VALUES ('77', '77', '77');
INSERT INTO `photos` (`id`, `album_id`, `media_id`) VALUES ('78', '78', '78');
INSERT INTO `photos` (`id`, `album_id`, `media_id`) VALUES ('79', '79', '79');
INSERT INTO `photos` (`id`, `album_id`, `media_id`) VALUES ('80', '80', '80');
INSERT INTO `photos` (`id`, `album_id`, `media_id`) VALUES ('81', '81', '81');
INSERT INTO `photos` (`id`, `album_id`, `media_id`) VALUES ('82', '82', '82');
INSERT INTO `photos` (`id`, `album_id`, `media_id`) VALUES ('83', '83', '83');
INSERT INTO `photos` (`id`, `album_id`, `media_id`) VALUES ('84', '84', '84');
INSERT INTO `photos` (`id`, `album_id`, `media_id`) VALUES ('85', '85', '85');
INSERT INTO `photos` (`id`, `album_id`, `media_id`) VALUES ('86', '86', '86');
INSERT INTO `photos` (`id`, `album_id`, `media_id`) VALUES ('87', '87', '87');
INSERT INTO `photos` (`id`, `album_id`, `media_id`) VALUES ('88', '88', '88');
INSERT INTO `photos` (`id`, `album_id`, `media_id`) VALUES ('89', '89', '89');
INSERT INTO `photos` (`id`, `album_id`, `media_id`) VALUES ('90', '90', '90');
INSERT INTO `photos` (`id`, `album_id`, `media_id`) VALUES ('91', '91', '91');
INSERT INTO `photos` (`id`, `album_id`, `media_id`) VALUES ('92', '92', '92');
INSERT INTO `photos` (`id`, `album_id`, `media_id`) VALUES ('93', '93', '93');
INSERT INTO `photos` (`id`, `album_id`, `media_id`) VALUES ('94', '94', '94');
INSERT INTO `photos` (`id`, `album_id`, `media_id`) VALUES ('95', '95', '95');
INSERT INTO `photos` (`id`, `album_id`, `media_id`) VALUES ('96', '96', '96');
INSERT INTO `photos` (`id`, `album_id`, `media_id`) VALUES ('97', '97', '97');
INSERT INTO `photos` (`id`, `album_id`, `media_id`) VALUES ('98', '98', '98');
INSERT INTO `photos` (`id`, `album_id`, `media_id`) VALUES ('99', '99', '99');
INSERT INTO `photos` (`id`, `album_id`, `media_id`) VALUES ('100', '100', '100');


#
# TABLE STRUCTURE FOR: profiles
#

DROP TABLE IF EXISTS `profiles`;

CREATE TABLE `profiles` (
  `user_id` bigint(20) unsigned NOT NULL AUTO_INCREMENT,
  `gender` char(1) COLLATE utf8_unicode_ci DEFAULT NULL,
  `birthday` date DEFAULT NULL,
  `photo_id` bigint(20) unsigned DEFAULT NULL,
  `likes_id` bigint(20) unsigned NOT NULL,
  `created_at` datetime DEFAULT current_timestamp(),
  `hometown` varchar(100) COLLATE utf8_unicode_ci DEFAULT NULL,
  PRIMARY KEY (`user_id`),
  KEY `likes_id` (`likes_id`),
  CONSTRAINT `profiles_ibfk_1` FOREIGN KEY (`user_id`) REFERENCES `users` (`id`) ON UPDATE CASCADE,
  CONSTRAINT `profiles_ibfk_2` FOREIGN KEY (`likes_id`) REFERENCES `likes` (`id`)
) ENGINE=InnoDB AUTO_INCREMENT=101 DEFAULT CHARSET=utf8 COLLATE=utf8_unicode_ci;

INSERT INTO `profiles` (`user_id`, `gender`, `birthday`, `photo_id`, `likes_id`, `created_at`, `hometown`) VALUES ('1', NULL, '2014-09-22', '1', '1', '1994-08-20 19:17:11', NULL);
INSERT INTO `profiles` (`user_id`, `gender`, `birthday`, `photo_id`, `likes_id`, `created_at`, `hometown`) VALUES ('2', NULL, '2016-09-23', '2', '2', '1979-07-05 21:12:40', NULL);
INSERT INTO `profiles` (`user_id`, `gender`, `birthday`, `photo_id`, `likes_id`, `created_at`, `hometown`) VALUES ('3', NULL, '2011-04-11', '3', '3', '2018-04-02 02:38:07', NULL);
INSERT INTO `profiles` (`user_id`, `gender`, `birthday`, `photo_id`, `likes_id`, `created_at`, `hometown`) VALUES ('4', NULL, '2012-01-26', '4', '4', '2011-07-15 23:32:33', NULL);
INSERT INTO `profiles` (`user_id`, `gender`, `birthday`, `photo_id`, `likes_id`, `created_at`, `hometown`) VALUES ('5', NULL, '2000-09-26', '5', '5', '1977-07-04 13:32:54', NULL);
INSERT INTO `profiles` (`user_id`, `gender`, `birthday`, `photo_id`, `likes_id`, `created_at`, `hometown`) VALUES ('6', NULL, '2015-07-11', '6', '6', '1987-09-13 03:31:30', NULL);
INSERT INTO `profiles` (`user_id`, `gender`, `birthday`, `photo_id`, `likes_id`, `created_at`, `hometown`) VALUES ('7', NULL, '1998-06-23', '7', '7', '1972-09-25 20:41:12', NULL);
INSERT INTO `profiles` (`user_id`, `gender`, `birthday`, `photo_id`, `likes_id`, `created_at`, `hometown`) VALUES ('8', NULL, '1992-11-29', '8', '8', '1991-11-16 02:15:39', NULL);
INSERT INTO `profiles` (`user_id`, `gender`, `birthday`, `photo_id`, `likes_id`, `created_at`, `hometown`) VALUES ('9', NULL, '2014-03-30', '9', '9', '1998-12-08 04:14:54', NULL);
INSERT INTO `profiles` (`user_id`, `gender`, `birthday`, `photo_id`, `likes_id`, `created_at`, `hometown`) VALUES ('10', NULL, '2019-08-11', '10', '10', '1994-12-20 17:12:07', NULL);
INSERT INTO `profiles` (`user_id`, `gender`, `birthday`, `photo_id`, `likes_id`, `created_at`, `hometown`) VALUES ('11', NULL, '1988-09-16', '11', '11', '1984-11-22 05:00:27', NULL);
INSERT INTO `profiles` (`user_id`, `gender`, `birthday`, `photo_id`, `likes_id`, `created_at`, `hometown`) VALUES ('12', NULL, '1985-02-12', '12', '12', '2016-05-01 11:59:02', NULL);
INSERT INTO `profiles` (`user_id`, `gender`, `birthday`, `photo_id`, `likes_id`, `created_at`, `hometown`) VALUES ('13', NULL, '2017-08-16', '13', '13', '2005-03-15 19:14:38', NULL);
INSERT INTO `profiles` (`user_id`, `gender`, `birthday`, `photo_id`, `likes_id`, `created_at`, `hometown`) VALUES ('14', NULL, '2015-06-13', '14', '14', '2016-07-30 16:18:28', NULL);
INSERT INTO `profiles` (`user_id`, `gender`, `birthday`, `photo_id`, `likes_id`, `created_at`, `hometown`) VALUES ('15', NULL, '2018-12-12', '15', '15', '2004-07-16 19:13:44', NULL);
INSERT INTO `profiles` (`user_id`, `gender`, `birthday`, `photo_id`, `likes_id`, `created_at`, `hometown`) VALUES ('16', NULL, '1995-06-29', '16', '16', '1978-03-10 15:16:13', NULL);
INSERT INTO `profiles` (`user_id`, `gender`, `birthday`, `photo_id`, `likes_id`, `created_at`, `hometown`) VALUES ('17', NULL, '1982-05-15', '17', '17', '2005-04-27 02:27:04', NULL);
INSERT INTO `profiles` (`user_id`, `gender`, `birthday`, `photo_id`, `likes_id`, `created_at`, `hometown`) VALUES ('18', NULL, '1982-09-19', '18', '18', '1981-07-30 06:36:40', NULL);
INSERT INTO `profiles` (`user_id`, `gender`, `birthday`, `photo_id`, `likes_id`, `created_at`, `hometown`) VALUES ('19', NULL, '1997-07-03', '19', '19', '1975-12-08 05:09:03', NULL);
INSERT INTO `profiles` (`user_id`, `gender`, `birthday`, `photo_id`, `likes_id`, `created_at`, `hometown`) VALUES ('20', NULL, '1980-12-08', '20', '20', '1973-01-14 05:14:24', NULL);
INSERT INTO `profiles` (`user_id`, `gender`, `birthday`, `photo_id`, `likes_id`, `created_at`, `hometown`) VALUES ('21', NULL, '1984-06-13', '21', '21', '1990-10-03 13:41:57', NULL);
INSERT INTO `profiles` (`user_id`, `gender`, `birthday`, `photo_id`, `likes_id`, `created_at`, `hometown`) VALUES ('22', NULL, '2005-12-13', '22', '22', '1986-07-13 09:01:34', NULL);
INSERT INTO `profiles` (`user_id`, `gender`, `birthday`, `photo_id`, `likes_id`, `created_at`, `hometown`) VALUES ('23', NULL, '1986-10-19', '23', '23', '2015-02-01 02:15:25', NULL);
INSERT INTO `profiles` (`user_id`, `gender`, `birthday`, `photo_id`, `likes_id`, `created_at`, `hometown`) VALUES ('24', NULL, '2011-05-28', '24', '24', '1976-07-20 22:36:15', NULL);
INSERT INTO `profiles` (`user_id`, `gender`, `birthday`, `photo_id`, `likes_id`, `created_at`, `hometown`) VALUES ('25', NULL, '1984-11-04', '25', '25', '2003-12-20 23:25:02', NULL);
INSERT INTO `profiles` (`user_id`, `gender`, `birthday`, `photo_id`, `likes_id`, `created_at`, `hometown`) VALUES ('26', NULL, '1986-12-28', '26', '26', '2002-04-27 19:37:57', NULL);
INSERT INTO `profiles` (`user_id`, `gender`, `birthday`, `photo_id`, `likes_id`, `created_at`, `hometown`) VALUES ('27', NULL, '1970-09-13', '27', '27', '1995-02-08 19:54:30', NULL);
INSERT INTO `profiles` (`user_id`, `gender`, `birthday`, `photo_id`, `likes_id`, `created_at`, `hometown`) VALUES ('28', NULL, '2000-02-03', '28', '28', '2007-08-05 10:22:55', NULL);
INSERT INTO `profiles` (`user_id`, `gender`, `birthday`, `photo_id`, `likes_id`, `created_at`, `hometown`) VALUES ('29', NULL, '1995-12-24', '29', '29', '1975-06-15 20:33:15', NULL);
INSERT INTO `profiles` (`user_id`, `gender`, `birthday`, `photo_id`, `likes_id`, `created_at`, `hometown`) VALUES ('30', NULL, '1999-11-10', '30', '30', '2018-07-23 03:08:47', NULL);
INSERT INTO `profiles` (`user_id`, `gender`, `birthday`, `photo_id`, `likes_id`, `created_at`, `hometown`) VALUES ('31', NULL, '2018-08-22', '31', '31', '2009-02-15 07:42:59', NULL);
INSERT INTO `profiles` (`user_id`, `gender`, `birthday`, `photo_id`, `likes_id`, `created_at`, `hometown`) VALUES ('32', NULL, '1992-09-14', '32', '32', '1981-04-21 03:05:21', NULL);
INSERT INTO `profiles` (`user_id`, `gender`, `birthday`, `photo_id`, `likes_id`, `created_at`, `hometown`) VALUES ('33', NULL, '2003-08-13', '33', '33', '1992-10-29 05:34:36', NULL);
INSERT INTO `profiles` (`user_id`, `gender`, `birthday`, `photo_id`, `likes_id`, `created_at`, `hometown`) VALUES ('34', NULL, '1996-02-22', '34', '34', '1999-05-16 04:00:06', NULL);
INSERT INTO `profiles` (`user_id`, `gender`, `birthday`, `photo_id`, `likes_id`, `created_at`, `hometown`) VALUES ('35', NULL, '2009-12-03', '35', '35', '1973-12-07 14:20:32', NULL);
INSERT INTO `profiles` (`user_id`, `gender`, `birthday`, `photo_id`, `likes_id`, `created_at`, `hometown`) VALUES ('36', NULL, '2013-12-21', '36', '36', '1970-10-01 14:20:37', NULL);
INSERT INTO `profiles` (`user_id`, `gender`, `birthday`, `photo_id`, `likes_id`, `created_at`, `hometown`) VALUES ('37', NULL, '2003-06-28', '37', '37', '1980-06-14 06:32:30', NULL);
INSERT INTO `profiles` (`user_id`, `gender`, `birthday`, `photo_id`, `likes_id`, `created_at`, `hometown`) VALUES ('38', NULL, '1986-07-24', '38', '38', '1985-05-16 20:35:12', NULL);
INSERT INTO `profiles` (`user_id`, `gender`, `birthday`, `photo_id`, `likes_id`, `created_at`, `hometown`) VALUES ('39', NULL, '1970-05-29', '39', '39', '2001-12-01 05:42:41', NULL);
INSERT INTO `profiles` (`user_id`, `gender`, `birthday`, `photo_id`, `likes_id`, `created_at`, `hometown`) VALUES ('40', NULL, '2000-09-12', '40', '40', '1975-08-25 05:38:36', NULL);
INSERT INTO `profiles` (`user_id`, `gender`, `birthday`, `photo_id`, `likes_id`, `created_at`, `hometown`) VALUES ('41', NULL, '2011-08-05', '41', '41', '2018-01-26 11:11:30', NULL);
INSERT INTO `profiles` (`user_id`, `gender`, `birthday`, `photo_id`, `likes_id`, `created_at`, `hometown`) VALUES ('42', NULL, '2016-03-06', '42', '42', '1997-12-03 09:16:30', NULL);
INSERT INTO `profiles` (`user_id`, `gender`, `birthday`, `photo_id`, `likes_id`, `created_at`, `hometown`) VALUES ('43', NULL, '1980-02-16', '43', '43', '1989-11-01 17:41:15', NULL);
INSERT INTO `profiles` (`user_id`, `gender`, `birthday`, `photo_id`, `likes_id`, `created_at`, `hometown`) VALUES ('44', NULL, '1989-11-30', '44', '44', '1987-04-30 08:59:10', NULL);
INSERT INTO `profiles` (`user_id`, `gender`, `birthday`, `photo_id`, `likes_id`, `created_at`, `hometown`) VALUES ('45', NULL, '1976-03-26', '45', '45', '2007-11-02 15:50:04', NULL);
INSERT INTO `profiles` (`user_id`, `gender`, `birthday`, `photo_id`, `likes_id`, `created_at`, `hometown`) VALUES ('46', NULL, '2003-02-22', '46', '46', '2000-10-17 16:07:42', NULL);
INSERT INTO `profiles` (`user_id`, `gender`, `birthday`, `photo_id`, `likes_id`, `created_at`, `hometown`) VALUES ('47', NULL, '2011-06-27', '47', '47', '1999-09-11 09:12:02', NULL);
INSERT INTO `profiles` (`user_id`, `gender`, `birthday`, `photo_id`, `likes_id`, `created_at`, `hometown`) VALUES ('48', NULL, '2009-03-23', '48', '48', '1972-03-07 02:00:01', NULL);
INSERT INTO `profiles` (`user_id`, `gender`, `birthday`, `photo_id`, `likes_id`, `created_at`, `hometown`) VALUES ('49', NULL, '1990-12-14', '49', '49', '1982-02-09 12:39:26', NULL);
INSERT INTO `profiles` (`user_id`, `gender`, `birthday`, `photo_id`, `likes_id`, `created_at`, `hometown`) VALUES ('50', NULL, '2016-04-30', '50', '50', '2009-10-08 15:10:38', NULL);
INSERT INTO `profiles` (`user_id`, `gender`, `birthday`, `photo_id`, `likes_id`, `created_at`, `hometown`) VALUES ('51', NULL, '1984-03-27', '51', '51', '2018-01-29 10:58:23', NULL);
INSERT INTO `profiles` (`user_id`, `gender`, `birthday`, `photo_id`, `likes_id`, `created_at`, `hometown`) VALUES ('52', NULL, '2014-08-27', '52', '52', '2017-07-03 21:35:06', NULL);
INSERT INTO `profiles` (`user_id`, `gender`, `birthday`, `photo_id`, `likes_id`, `created_at`, `hometown`) VALUES ('53', NULL, '2003-05-01', '53', '53', '2004-05-28 11:56:22', NULL);
INSERT INTO `profiles` (`user_id`, `gender`, `birthday`, `photo_id`, `likes_id`, `created_at`, `hometown`) VALUES ('54', NULL, '1979-04-25', '54', '54', '1989-09-18 23:40:24', NULL);
INSERT INTO `profiles` (`user_id`, `gender`, `birthday`, `photo_id`, `likes_id`, `created_at`, `hometown`) VALUES ('55', NULL, '1974-12-16', '55', '55', '2015-06-17 08:43:59', NULL);
INSERT INTO `profiles` (`user_id`, `gender`, `birthday`, `photo_id`, `likes_id`, `created_at`, `hometown`) VALUES ('56', NULL, '2013-12-28', '56', '56', '1999-01-04 07:42:38', NULL);
INSERT INTO `profiles` (`user_id`, `gender`, `birthday`, `photo_id`, `likes_id`, `created_at`, `hometown`) VALUES ('57', NULL, '1993-03-29', '57', '57', '2012-01-27 17:12:06', NULL);
INSERT INTO `profiles` (`user_id`, `gender`, `birthday`, `photo_id`, `likes_id`, `created_at`, `hometown`) VALUES ('58', NULL, '1975-07-28', '58', '58', '2008-09-28 12:58:37', NULL);
INSERT INTO `profiles` (`user_id`, `gender`, `birthday`, `photo_id`, `likes_id`, `created_at`, `hometown`) VALUES ('59', NULL, '2002-04-13', '59', '59', '2003-11-04 15:33:07', NULL);
INSERT INTO `profiles` (`user_id`, `gender`, `birthday`, `photo_id`, `likes_id`, `created_at`, `hometown`) VALUES ('60', NULL, '1989-10-20', '60', '60', '1971-08-27 11:29:51', NULL);
INSERT INTO `profiles` (`user_id`, `gender`, `birthday`, `photo_id`, `likes_id`, `created_at`, `hometown`) VALUES ('61', NULL, '1981-11-23', '61', '61', '1992-10-01 00:29:28', NULL);
INSERT INTO `profiles` (`user_id`, `gender`, `birthday`, `photo_id`, `likes_id`, `created_at`, `hometown`) VALUES ('62', NULL, '2002-08-03', '62', '62', '1981-02-06 17:14:00', NULL);
INSERT INTO `profiles` (`user_id`, `gender`, `birthday`, `photo_id`, `likes_id`, `created_at`, `hometown`) VALUES ('63', NULL, '2003-11-21', '63', '63', '1996-11-05 07:01:27', NULL);
INSERT INTO `profiles` (`user_id`, `gender`, `birthday`, `photo_id`, `likes_id`, `created_at`, `hometown`) VALUES ('64', NULL, '1997-02-19', '64', '64', '1975-05-29 22:39:17', NULL);
INSERT INTO `profiles` (`user_id`, `gender`, `birthday`, `photo_id`, `likes_id`, `created_at`, `hometown`) VALUES ('65', NULL, '2015-12-10', '65', '65', '2001-09-25 07:43:38', NULL);
INSERT INTO `profiles` (`user_id`, `gender`, `birthday`, `photo_id`, `likes_id`, `created_at`, `hometown`) VALUES ('66', NULL, '1979-02-08', '66', '66', '1995-10-13 20:31:30', NULL);
INSERT INTO `profiles` (`user_id`, `gender`, `birthday`, `photo_id`, `likes_id`, `created_at`, `hometown`) VALUES ('67', NULL, '2002-10-23', '67', '67', '1973-07-31 02:44:45', NULL);
INSERT INTO `profiles` (`user_id`, `gender`, `birthday`, `photo_id`, `likes_id`, `created_at`, `hometown`) VALUES ('68', NULL, '1999-10-25', '68', '68', '1996-10-05 14:53:13', NULL);
INSERT INTO `profiles` (`user_id`, `gender`, `birthday`, `photo_id`, `likes_id`, `created_at`, `hometown`) VALUES ('69', NULL, '2018-06-14', '69', '69', '1983-11-18 21:48:03', NULL);
INSERT INTO `profiles` (`user_id`, `gender`, `birthday`, `photo_id`, `likes_id`, `created_at`, `hometown`) VALUES ('70', NULL, '2019-03-10', '70', '70', '1976-02-28 20:44:50', NULL);
INSERT INTO `profiles` (`user_id`, `gender`, `birthday`, `photo_id`, `likes_id`, `created_at`, `hometown`) VALUES ('71', NULL, '1970-01-17', '71', '71', '1978-10-02 17:43:41', NULL);
INSERT INTO `profiles` (`user_id`, `gender`, `birthday`, `photo_id`, `likes_id`, `created_at`, `hometown`) VALUES ('72', NULL, '1975-05-23', '72', '72', '1974-05-29 09:51:12', NULL);
INSERT INTO `profiles` (`user_id`, `gender`, `birthday`, `photo_id`, `likes_id`, `created_at`, `hometown`) VALUES ('73', NULL, '2011-08-01', '73', '73', '2003-06-28 08:43:00', NULL);
INSERT INTO `profiles` (`user_id`, `gender`, `birthday`, `photo_id`, `likes_id`, `created_at`, `hometown`) VALUES ('74', NULL, '1983-12-21', '74', '74', '2000-01-19 20:20:03', NULL);
INSERT INTO `profiles` (`user_id`, `gender`, `birthday`, `photo_id`, `likes_id`, `created_at`, `hometown`) VALUES ('75', NULL, '2008-03-01', '75', '75', '2015-09-08 17:38:14', NULL);
INSERT INTO `profiles` (`user_id`, `gender`, `birthday`, `photo_id`, `likes_id`, `created_at`, `hometown`) VALUES ('76', NULL, '2006-03-12', '76', '76', '1976-11-01 18:45:55', NULL);
INSERT INTO `profiles` (`user_id`, `gender`, `birthday`, `photo_id`, `likes_id`, `created_at`, `hometown`) VALUES ('77', NULL, '1990-10-27', '77', '77', '1972-02-08 01:18:06', NULL);
INSERT INTO `profiles` (`user_id`, `gender`, `birthday`, `photo_id`, `likes_id`, `created_at`, `hometown`) VALUES ('78', NULL, '1992-06-16', '78', '78', '1992-02-21 12:21:24', NULL);
INSERT INTO `profiles` (`user_id`, `gender`, `birthday`, `photo_id`, `likes_id`, `created_at`, `hometown`) VALUES ('79', NULL, '1988-10-10', '79', '79', '1990-06-22 05:04:33', NULL);
INSERT INTO `profiles` (`user_id`, `gender`, `birthday`, `photo_id`, `likes_id`, `created_at`, `hometown`) VALUES ('80', NULL, '1989-02-15', '80', '80', '1972-05-31 08:17:57', NULL);
INSERT INTO `profiles` (`user_id`, `gender`, `birthday`, `photo_id`, `likes_id`, `created_at`, `hometown`) VALUES ('81', NULL, '2014-10-26', '81', '81', '1980-08-28 16:37:34', NULL);
INSERT INTO `profiles` (`user_id`, `gender`, `birthday`, `photo_id`, `likes_id`, `created_at`, `hometown`) VALUES ('82', NULL, '2006-08-02', '82', '82', '1996-01-20 07:53:00', NULL);
INSERT INTO `profiles` (`user_id`, `gender`, `birthday`, `photo_id`, `likes_id`, `created_at`, `hometown`) VALUES ('83', NULL, '2006-01-02', '83', '83', '2008-05-19 15:40:56', NULL);
INSERT INTO `profiles` (`user_id`, `gender`, `birthday`, `photo_id`, `likes_id`, `created_at`, `hometown`) VALUES ('84', NULL, '1979-07-12', '84', '84', '1984-03-04 16:06:01', NULL);
INSERT INTO `profiles` (`user_id`, `gender`, `birthday`, `photo_id`, `likes_id`, `created_at`, `hometown`) VALUES ('85', NULL, '1992-04-22', '85', '85', '2001-12-03 00:32:18', NULL);
INSERT INTO `profiles` (`user_id`, `gender`, `birthday`, `photo_id`, `likes_id`, `created_at`, `hometown`) VALUES ('86', NULL, '2008-09-16', '86', '86', '1980-05-28 05:18:38', NULL);
INSERT INTO `profiles` (`user_id`, `gender`, `birthday`, `photo_id`, `likes_id`, `created_at`, `hometown`) VALUES ('87', NULL, '1997-06-14', '87', '87', '1972-10-03 02:37:30', NULL);
INSERT INTO `profiles` (`user_id`, `gender`, `birthday`, `photo_id`, `likes_id`, `created_at`, `hometown`) VALUES ('88', NULL, '1976-09-17', '88', '88', '2006-12-29 10:11:40', NULL);
INSERT INTO `profiles` (`user_id`, `gender`, `birthday`, `photo_id`, `likes_id`, `created_at`, `hometown`) VALUES ('89', NULL, '1978-11-23', '89', '89', '2018-10-15 20:41:57', NULL);
INSERT INTO `profiles` (`user_id`, `gender`, `birthday`, `photo_id`, `likes_id`, `created_at`, `hometown`) VALUES ('90', NULL, '2016-03-26', '90', '90', '1980-12-29 00:14:22', NULL);
INSERT INTO `profiles` (`user_id`, `gender`, `birthday`, `photo_id`, `likes_id`, `created_at`, `hometown`) VALUES ('91', NULL, '1972-01-21', '91', '91', '1974-09-07 21:03:18', NULL);
INSERT INTO `profiles` (`user_id`, `gender`, `birthday`, `photo_id`, `likes_id`, `created_at`, `hometown`) VALUES ('92', NULL, '1982-01-12', '92', '92', '2005-05-20 13:58:51', NULL);
INSERT INTO `profiles` (`user_id`, `gender`, `birthday`, `photo_id`, `likes_id`, `created_at`, `hometown`) VALUES ('93', NULL, '1971-06-25', '93', '93', '2008-07-23 14:14:56', NULL);
INSERT INTO `profiles` (`user_id`, `gender`, `birthday`, `photo_id`, `likes_id`, `created_at`, `hometown`) VALUES ('94', NULL, '1976-12-23', '94', '94', '1970-09-24 04:59:14', NULL);
INSERT INTO `profiles` (`user_id`, `gender`, `birthday`, `photo_id`, `likes_id`, `created_at`, `hometown`) VALUES ('95', NULL, '1995-01-18', '95', '95', '2016-09-27 11:51:40', NULL);
INSERT INTO `profiles` (`user_id`, `gender`, `birthday`, `photo_id`, `likes_id`, `created_at`, `hometown`) VALUES ('96', NULL, '1994-09-18', '96', '96', '2001-02-22 05:22:38', NULL);
INSERT INTO `profiles` (`user_id`, `gender`, `birthday`, `photo_id`, `likes_id`, `created_at`, `hometown`) VALUES ('97', NULL, '2013-06-13', '97', '97', '2012-02-27 19:26:47', NULL);
INSERT INTO `profiles` (`user_id`, `gender`, `birthday`, `photo_id`, `likes_id`, `created_at`, `hometown`) VALUES ('98', NULL, '1979-01-01', '98', '98', '1992-12-16 22:52:25', NULL);
INSERT INTO `profiles` (`user_id`, `gender`, `birthday`, `photo_id`, `likes_id`, `created_at`, `hometown`) VALUES ('99', NULL, '1976-07-05', '99', '99', '2004-03-11 11:37:16', NULL);
INSERT INTO `profiles` (`user_id`, `gender`, `birthday`, `photo_id`, `likes_id`, `created_at`, `hometown`) VALUES ('100', NULL, '1997-05-31', '100', '100', '1972-01-05 22:03:02', NULL);


#
# TABLE STRUCTURE FOR: users
#

DROP TABLE IF EXISTS `users`;

CREATE TABLE `users` (
  `id` bigint(20) unsigned NOT NULL AUTO_INCREMENT,
  `firstname` varchar(50) COLLATE utf8_unicode_ci DEFAULT NULL,
  `lastname` varchar(50) COLLATE utf8_unicode_ci DEFAULT NULL COMMENT '?',
  `email` varchar(120) COLLATE utf8_unicode_ci DEFAULT NULL,
  `phone` bigint(20) DEFAULT NULL,
  PRIMARY KEY (`id`),
  UNIQUE KEY `email` (`email`),
  KEY `users_phone_idx` (`phone`),
  KEY `users_firstname_lastname_idx` (`firstname`,`lastname`)
) ENGINE=InnoDB AUTO_INCREMENT=101 DEFAULT CHARSET=utf8 COLLATE=utf8_unicode_ci;

INSERT INTO `users` (`id`, `firstname`, `lastname`, `email`, `phone`) VALUES ('1', 'Raquel', 'Gerlach', 'powlowski.bridget@example.com', '1');
INSERT INTO `users` (`id`, `firstname`, `lastname`, `email`, `phone`) VALUES ('2', 'Owen', 'Feest', 'wehner.aida@example.net', '0');
INSERT INTO `users` (`id`, `firstname`, `lastname`, `email`, `phone`) VALUES ('3', 'Annamae', 'McCullough', 'bria.parisian@example.net', '951297');
INSERT INTO `users` (`id`, `firstname`, `lastname`, `email`, `phone`) VALUES ('4', 'Krystal', 'Daniel', 'rachelle.gleichner@example.net', '787310');
INSERT INTO `users` (`id`, `firstname`, `lastname`, `email`, `phone`) VALUES ('5', 'Cornell', 'Parisian', 'reynolds.zack@example.org', '100');
INSERT INTO `users` (`id`, `firstname`, `lastname`, `email`, `phone`) VALUES ('6', 'Kelli', 'Wolf', 'sadie.conroy@example.com', '1');
INSERT INTO `users` (`id`, `firstname`, `lastname`, `email`, `phone`) VALUES ('7', 'Kariane', 'Heller', 'rahul.haley@example.org', '0');
INSERT INTO `users` (`id`, `firstname`, `lastname`, `email`, `phone`) VALUES ('8', 'Kurt', 'Weber', 'mkeeling@example.com', '17');
INSERT INTO `users` (`id`, `firstname`, `lastname`, `email`, `phone`) VALUES ('9', 'Shania', 'Johnson', 'lilla38@example.net', '0');
INSERT INTO `users` (`id`, `firstname`, `lastname`, `email`, `phone`) VALUES ('10', 'Saige', 'Waelchi', 'jermey.ryan@example.org', '0');
INSERT INTO `users` (`id`, `firstname`, `lastname`, `email`, `phone`) VALUES ('11', 'London', 'Hodkiewicz', 'nella.koss@example.com', '0');
INSERT INTO `users` (`id`, `firstname`, `lastname`, `email`, `phone`) VALUES ('12', 'Madisyn', 'Will', 'elaina95@example.org', '8');
INSERT INTO `users` (`id`, `firstname`, `lastname`, `email`, `phone`) VALUES ('13', 'Verdie', 'Bernhard', 'williamson.douglas@example.net', '903');
INSERT INTO `users` (`id`, `firstname`, `lastname`, `email`, `phone`) VALUES ('14', 'Florida', 'Crist', 'funk.antwan@example.com', '1');
INSERT INTO `users` (`id`, `firstname`, `lastname`, `email`, `phone`) VALUES ('15', 'Monserrat', 'Howe', 'mozelle.altenwerth@example.net', '0');
INSERT INTO `users` (`id`, `firstname`, `lastname`, `email`, `phone`) VALUES ('16', 'Madonna', 'VonRueden', 'oswift@example.org', '0');
INSERT INTO `users` (`id`, `firstname`, `lastname`, `email`, `phone`) VALUES ('17', 'Jarvis', 'Hegmann', 'buckridge.frieda@example.net', '0');
INSERT INTO `users` (`id`, `firstname`, `lastname`, `email`, `phone`) VALUES ('18', 'Destinee', 'Mante', 'vida72@example.com', '1');
INSERT INTO `users` (`id`, `firstname`, `lastname`, `email`, `phone`) VALUES ('19', 'Jackson', 'Sawayn', 'gmann@example.com', '774');
INSERT INTO `users` (`id`, `firstname`, `lastname`, `email`, `phone`) VALUES ('20', 'Kitty', 'Considine', 'nathen.abshire@example.org', '494947');
INSERT INTO `users` (`id`, `firstname`, `lastname`, `email`, `phone`) VALUES ('21', 'Dax', 'Sipes', 'audrey.ziemann@example.org', '1');
INSERT INTO `users` (`id`, `firstname`, `lastname`, `email`, `phone`) VALUES ('22', 'Kelton', 'Reichert', 'mosciski.estevan@example.org', '952249');
INSERT INTO `users` (`id`, `firstname`, `lastname`, `email`, `phone`) VALUES ('23', 'Lorna', 'Medhurst', 'mcdermott.maurice@example.com', '93150');
INSERT INTO `users` (`id`, `firstname`, `lastname`, `email`, `phone`) VALUES ('24', 'Reyes', 'Shanahan', 'cordelia.ruecker@example.com', '0');
INSERT INTO `users` (`id`, `firstname`, `lastname`, `email`, `phone`) VALUES ('25', 'Oleta', 'Gaylord', 'jamar91@example.com', '543139');
INSERT INTO `users` (`id`, `firstname`, `lastname`, `email`, `phone`) VALUES ('26', 'Camylle', 'Schinner', 'evon@example.net', '0');
INSERT INTO `users` (`id`, `firstname`, `lastname`, `email`, `phone`) VALUES ('27', 'Eldon', 'Wisoky', 'charber@example.net', '4078264157');
INSERT INTO `users` (`id`, `firstname`, `lastname`, `email`, `phone`) VALUES ('28', 'Helmer', 'Bode', 'charlene.blanda@example.com', '487');
INSERT INTO `users` (`id`, `firstname`, `lastname`, `email`, `phone`) VALUES ('29', 'Albin', 'Doyle', 'jane.wintheiser@example.org', '0');
INSERT INTO `users` (`id`, `firstname`, `lastname`, `email`, `phone`) VALUES ('30', 'Marshall', 'Hills', 'rodrick.waters@example.org', '259918');
INSERT INTO `users` (`id`, `firstname`, `lastname`, `email`, `phone`) VALUES ('31', 'Wayne', 'Altenwerth', 'freida66@example.com', '142769');
INSERT INTO `users` (`id`, `firstname`, `lastname`, `email`, `phone`) VALUES ('32', 'Enrico', 'Murray', 'velda75@example.com', '745569925');
INSERT INTO `users` (`id`, `firstname`, `lastname`, `email`, `phone`) VALUES ('33', 'Breana', 'Rodriguez', 'kenna85@example.net', '696836');
INSERT INTO `users` (`id`, `firstname`, `lastname`, `email`, `phone`) VALUES ('34', 'Nels', 'Macejkovic', 'swift.ollie@example.org', '1');
INSERT INTO `users` (`id`, `firstname`, `lastname`, `email`, `phone`) VALUES ('35', 'Joana', 'Fay', 'janice03@example.org', '7633422821');
INSERT INTO `users` (`id`, `firstname`, `lastname`, `email`, `phone`) VALUES ('36', 'Geovanni', 'Harber', 'amira82@example.org', '940');
INSERT INTO `users` (`id`, `firstname`, `lastname`, `email`, `phone`) VALUES ('37', 'Jarod', 'Cormier', 'twelch@example.org', '1');
INSERT INTO `users` (`id`, `firstname`, `lastname`, `email`, `phone`) VALUES ('38', 'Marietta', 'Greenfelder', 'bebert@example.net', '448306');
INSERT INTO `users` (`id`, `firstname`, `lastname`, `email`, `phone`) VALUES ('39', 'Lonny', 'McGlynn', 'xander.roob@example.com', '39');
INSERT INTO `users` (`id`, `firstname`, `lastname`, `email`, `phone`) VALUES ('40', 'Emie', 'Jacobi', 'dach.verlie@example.net', '19917');
INSERT INTO `users` (`id`, `firstname`, `lastname`, `email`, `phone`) VALUES ('41', 'Clovis', 'Champlin', 'marvin.joan@example.net', '3552852018');
INSERT INTO `users` (`id`, `firstname`, `lastname`, `email`, `phone`) VALUES ('42', 'Ladarius', 'Muller', 'boris15@example.com', '96');
INSERT INTO `users` (`id`, `firstname`, `lastname`, `email`, `phone`) VALUES ('43', 'Mohammad', 'McGlynn', 'homenick.gerald@example.org', '497507');
INSERT INTO `users` (`id`, `firstname`, `lastname`, `email`, `phone`) VALUES ('44', 'Marc', 'Bradtke', 'granville62@example.net', '544565');
INSERT INTO `users` (`id`, `firstname`, `lastname`, `email`, `phone`) VALUES ('45', 'Daryl', 'Hammes', 'kdurgan@example.com', '429');
INSERT INTO `users` (`id`, `firstname`, `lastname`, `email`, `phone`) VALUES ('46', 'Lennie', 'Langworth', 'yblanda@example.org', '1');
INSERT INTO `users` (`id`, `firstname`, `lastname`, `email`, `phone`) VALUES ('47', 'Elouise', 'Stanton', 'mmante@example.org', '310');
INSERT INTO `users` (`id`, `firstname`, `lastname`, `email`, `phone`) VALUES ('48', 'Dangelo', 'Torphy', 'camryn.breitenberg@example.org', '51');
INSERT INTO `users` (`id`, `firstname`, `lastname`, `email`, `phone`) VALUES ('49', 'Eden', 'Berge', 'chanelle81@example.org', '6112654675');
INSERT INTO `users` (`id`, `firstname`, `lastname`, `email`, `phone`) VALUES ('50', 'Nelle', 'Sipes', 'favian44@example.com', '247466');
INSERT INTO `users` (`id`, `firstname`, `lastname`, `email`, `phone`) VALUES ('51', 'Jeffry', 'Hickle', 'verona96@example.org', '0');
INSERT INTO `users` (`id`, `firstname`, `lastname`, `email`, `phone`) VALUES ('52', 'Jade', 'Koch', 'rogers.bernhard@example.com', '835');
INSERT INTO `users` (`id`, `firstname`, `lastname`, `email`, `phone`) VALUES ('53', 'Juana', 'Conn', 'nrath@example.org', '0');
INSERT INTO `users` (`id`, `firstname`, `lastname`, `email`, `phone`) VALUES ('54', 'Alberta', 'Aufderhar', 'brenna.walsh@example.org', '87');
INSERT INTO `users` (`id`, `firstname`, `lastname`, `email`, `phone`) VALUES ('55', 'Clifford', 'Huel', 'skohler@example.net', '7');
INSERT INTO `users` (`id`, `firstname`, `lastname`, `email`, `phone`) VALUES ('56', 'Heber', 'Shanahan', 'harmon67@example.com', '2041313990');
INSERT INTO `users` (`id`, `firstname`, `lastname`, `email`, `phone`) VALUES ('57', 'Russell', 'Blick', 'diana.beer@example.org', '0');
INSERT INTO `users` (`id`, `firstname`, `lastname`, `email`, `phone`) VALUES ('58', 'Reagan', 'Kirlin', 'jody99@example.net', '1');
INSERT INTO `users` (`id`, `firstname`, `lastname`, `email`, `phone`) VALUES ('59', 'Marshall', 'Thompson', 'fherzog@example.net', '1');
INSERT INTO `users` (`id`, `firstname`, `lastname`, `email`, `phone`) VALUES ('60', 'Kayden', 'Howell', 'aurore44@example.net', '0');
INSERT INTO `users` (`id`, `firstname`, `lastname`, `email`, `phone`) VALUES ('61', 'Jared', 'Lynch', 'gerhard.sporer@example.com', '79');
INSERT INTO `users` (`id`, `firstname`, `lastname`, `email`, `phone`) VALUES ('62', 'Brett', 'Blick', 'milford86@example.com', '39');
INSERT INTO `users` (`id`, `firstname`, `lastname`, `email`, `phone`) VALUES ('63', 'Imani', 'Reilly', 'wmacejkovic@example.com', '1');
INSERT INTO `users` (`id`, `firstname`, `lastname`, `email`, `phone`) VALUES ('64', 'Alda', 'Rowe', 'shaylee17@example.org', '0');
INSERT INTO `users` (`id`, `firstname`, `lastname`, `email`, `phone`) VALUES ('65', 'Roxanne', 'Berge', 'reta87@example.com', '315042');
INSERT INTO `users` (`id`, `firstname`, `lastname`, `email`, `phone`) VALUES ('66', 'Elaina', 'Carter', 'nicolas.marian@example.com', '926470');
INSERT INTO `users` (`id`, `firstname`, `lastname`, `email`, `phone`) VALUES ('67', 'Margarette', 'Schiller', 'jaren08@example.org', '12');
INSERT INTO `users` (`id`, `firstname`, `lastname`, `email`, `phone`) VALUES ('68', 'Warren', 'Conn', 'kassulke.thad@example.com', '454');
INSERT INTO `users` (`id`, `firstname`, `lastname`, `email`, `phone`) VALUES ('69', 'Fanny', 'Torphy', 'qdaugherty@example.com', '970');
INSERT INTO `users` (`id`, `firstname`, `lastname`, `email`, `phone`) VALUES ('70', 'Kara', 'OKeefe', 'eichmann.ned@example.org', '330');
INSERT INTO `users` (`id`, `firstname`, `lastname`, `email`, `phone`) VALUES ('71', 'Blair', 'Kris', 'nedra51@example.net', '203');
INSERT INTO `users` (`id`, `firstname`, `lastname`, `email`, `phone`) VALUES ('72', 'Allison', 'Schuppe', 'ulises07@example.net', '91');
INSERT INTO `users` (`id`, `firstname`, `lastname`, `email`, `phone`) VALUES ('73', 'Joe', 'Gerlach', 'dmcglynn@example.com', '730881');
INSERT INTO `users` (`id`, `firstname`, `lastname`, `email`, `phone`) VALUES ('74', 'Maude', 'Pfeffer', 'karlee64@example.org', '676');
INSERT INTO `users` (`id`, `firstname`, `lastname`, `email`, `phone`) VALUES ('75', 'Kelley', 'Pagac', 'cathy99@example.com', '39');
INSERT INTO `users` (`id`, `firstname`, `lastname`, `email`, `phone`) VALUES ('76', 'Niko', 'Armstrong', 'jamar.ledner@example.net', '1');
INSERT INTO `users` (`id`, `firstname`, `lastname`, `email`, `phone`) VALUES ('77', 'Stephon', 'Ortiz', 'paufderhar@example.org', '560906');
INSERT INTO `users` (`id`, `firstname`, `lastname`, `email`, `phone`) VALUES ('78', 'Chance', 'Prohaska', 'bradtke.ezekiel@example.com', '1');
INSERT INTO `users` (`id`, `firstname`, `lastname`, `email`, `phone`) VALUES ('79', 'Damaris', 'Klein', 'xkulas@example.net', '393');
INSERT INTO `users` (`id`, `firstname`, `lastname`, `email`, `phone`) VALUES ('80', 'Fritz', 'Zemlak', 'breilly@example.com', '441');
INSERT INTO `users` (`id`, `firstname`, `lastname`, `email`, `phone`) VALUES ('81', 'Lenore', 'Ratke', 'yshanahan@example.com', '700526');
INSERT INTO `users` (`id`, `firstname`, `lastname`, `email`, `phone`) VALUES ('82', 'Kristina', 'Cronin', 'treutel.ella@example.com', '1');
INSERT INTO `users` (`id`, `firstname`, `lastname`, `email`, `phone`) VALUES ('83', 'Arlo', 'Dibbert', 'gulgowski.jayce@example.org', '1356293136');
INSERT INTO `users` (`id`, `firstname`, `lastname`, `email`, `phone`) VALUES ('84', 'Katelyn', 'Roob', 'zula.kuvalis@example.org', '76');
INSERT INTO `users` (`id`, `firstname`, `lastname`, `email`, `phone`) VALUES ('85', 'Rocky', 'Beer', 'rlueilwitz@example.net', '1');
INSERT INTO `users` (`id`, `firstname`, `lastname`, `email`, `phone`) VALUES ('86', 'Domingo', 'Donnelly', 'dovie.nikolaus@example.net', '0');
INSERT INTO `users` (`id`, `firstname`, `lastname`, `email`, `phone`) VALUES ('87', 'Arch', 'Lowe', 'wilburn.fay@example.org', '0');
INSERT INTO `users` (`id`, `firstname`, `lastname`, `email`, `phone`) VALUES ('88', 'Mason', 'Turner', 'quincy.hamill@example.org', '564');
INSERT INTO `users` (`id`, `firstname`, `lastname`, `email`, `phone`) VALUES ('89', 'Turner', 'Kautzer', 'bailey.clementina@example.com', '0');
INSERT INTO `users` (`id`, `firstname`, `lastname`, `email`, `phone`) VALUES ('90', 'Raymond', 'Cassin', 'bechtelar.christiana@example.net', '1');
INSERT INTO `users` (`id`, `firstname`, `lastname`, `email`, `phone`) VALUES ('91', 'David', 'Wisozk', 'yshields@example.net', '0');
INSERT INTO `users` (`id`, `firstname`, `lastname`, `email`, `phone`) VALUES ('92', 'Eudora', 'Thiel', 'gino.volkman@example.org', '725');
INSERT INTO `users` (`id`, `firstname`, `lastname`, `email`, `phone`) VALUES ('93', 'Judah', 'Pfannerstill', 'itzel.robel@example.com', '222225');
INSERT INTO `users` (`id`, `firstname`, `lastname`, `email`, `phone`) VALUES ('94', 'Carter', 'Glover', 'von.monique@example.com', '930295522');
INSERT INTO `users` (`id`, `firstname`, `lastname`, `email`, `phone`) VALUES ('95', 'Aniyah', 'Funk', 'doris.predovic@example.org', '896');
INSERT INTO `users` (`id`, `firstname`, `lastname`, `email`, `phone`) VALUES ('96', 'Lonzo', 'Gerlach', 'arnoldo36@example.com', '785592');
INSERT INTO `users` (`id`, `firstname`, `lastname`, `email`, `phone`) VALUES ('97', 'Kristin', 'Ritchie', 'stamm.brent@example.com', '1');
INSERT INTO `users` (`id`, `firstname`, `lastname`, `email`, `phone`) VALUES ('98', 'Glen', 'Ledner', 'katherine29@example.org', '918981');
INSERT INTO `users` (`id`, `firstname`, `lastname`, `email`, `phone`) VALUES ('99', 'Gennaro', 'Morissette', 'evelyn.lockman@example.com', '266673');
INSERT INTO `users` (`id`, `firstname`, `lastname`, `email`, `phone`) VALUES ('100', 'Jo', 'Roberts', 'grace.ruecker@example.org', '7997650754');


#
# TABLE STRUCTURE FOR: users_communities
#

DROP TABLE IF EXISTS `users_communities`;

CREATE TABLE `users_communities` (
  `user_id` bigint(20) unsigned NOT NULL,
  `community_id` bigint(20) unsigned NOT NULL,
  PRIMARY KEY (`user_id`,`community_id`),
  KEY `community_id` (`community_id`),
  CONSTRAINT `users_communities_ibfk_1` FOREIGN KEY (`user_id`) REFERENCES `users` (`id`),
  CONSTRAINT `users_communities_ibfk_2` FOREIGN KEY (`community_id`) REFERENCES `communities` (`id`)
) ENGINE=InnoDB DEFAULT CHARSET=utf8 COLLATE=utf8_unicode_ci;

INSERT INTO `users_communities` (`user_id`, `community_id`) VALUES ('1', '1');
INSERT INTO `users_communities` (`user_id`, `community_id`) VALUES ('2', '2');
INSERT INTO `users_communities` (`user_id`, `community_id`) VALUES ('3', '3');
INSERT INTO `users_communities` (`user_id`, `community_id`) VALUES ('4', '4');
INSERT INTO `users_communities` (`user_id`, `community_id`) VALUES ('5', '5');
INSERT INTO `users_communities` (`user_id`, `community_id`) VALUES ('6', '6');
INSERT INTO `users_communities` (`user_id`, `community_id`) VALUES ('7', '7');
INSERT INTO `users_communities` (`user_id`, `community_id`) VALUES ('8', '8');
INSERT INTO `users_communities` (`user_id`, `community_id`) VALUES ('9', '9');
INSERT INTO `users_communities` (`user_id`, `community_id`) VALUES ('10', '10');
INSERT INTO `users_communities` (`user_id`, `community_id`) VALUES ('11', '11');
INSERT INTO `users_communities` (`user_id`, `community_id`) VALUES ('12', '12');
INSERT INTO `users_communities` (`user_id`, `community_id`) VALUES ('13', '13');
INSERT INTO `users_communities` (`user_id`, `community_id`) VALUES ('14', '14');
INSERT INTO `users_communities` (`user_id`, `community_id`) VALUES ('15', '15');
INSERT INTO `users_communities` (`user_id`, `community_id`) VALUES ('16', '16');
INSERT INTO `users_communities` (`user_id`, `community_id`) VALUES ('17', '17');
INSERT INTO `users_communities` (`user_id`, `community_id`) VALUES ('18', '18');
INSERT INTO `users_communities` (`user_id`, `community_id`) VALUES ('19', '19');
INSERT INTO `users_communities` (`user_id`, `community_id`) VALUES ('20', '20');
INSERT INTO `users_communities` (`user_id`, `community_id`) VALUES ('21', '21');
INSERT INTO `users_communities` (`user_id`, `community_id`) VALUES ('22', '22');
INSERT INTO `users_communities` (`user_id`, `community_id`) VALUES ('23', '23');
INSERT INTO `users_communities` (`user_id`, `community_id`) VALUES ('24', '24');
INSERT INTO `users_communities` (`user_id`, `community_id`) VALUES ('25', '25');
INSERT INTO `users_communities` (`user_id`, `community_id`) VALUES ('26', '26');
INSERT INTO `users_communities` (`user_id`, `community_id`) VALUES ('27', '27');
INSERT INTO `users_communities` (`user_id`, `community_id`) VALUES ('28', '28');
INSERT INTO `users_communities` (`user_id`, `community_id`) VALUES ('29', '29');
INSERT INTO `users_communities` (`user_id`, `community_id`) VALUES ('30', '30');
INSERT INTO `users_communities` (`user_id`, `community_id`) VALUES ('31', '31');
INSERT INTO `users_communities` (`user_id`, `community_id`) VALUES ('32', '32');
INSERT INTO `users_communities` (`user_id`, `community_id`) VALUES ('33', '33');
INSERT INTO `users_communities` (`user_id`, `community_id`) VALUES ('34', '34');
INSERT INTO `users_communities` (`user_id`, `community_id`) VALUES ('35', '35');
INSERT INTO `users_communities` (`user_id`, `community_id`) VALUES ('36', '36');
INSERT INTO `users_communities` (`user_id`, `community_id`) VALUES ('37', '37');
INSERT INTO `users_communities` (`user_id`, `community_id`) VALUES ('38', '38');
INSERT INTO `users_communities` (`user_id`, `community_id`) VALUES ('39', '39');
INSERT INTO `users_communities` (`user_id`, `community_id`) VALUES ('40', '40');
INSERT INTO `users_communities` (`user_id`, `community_id`) VALUES ('41', '41');
INSERT INTO `users_communities` (`user_id`, `community_id`) VALUES ('42', '42');
INSERT INTO `users_communities` (`user_id`, `community_id`) VALUES ('43', '43');
INSERT INTO `users_communities` (`user_id`, `community_id`) VALUES ('44', '44');
INSERT INTO `users_communities` (`user_id`, `community_id`) VALUES ('45', '45');
INSERT INTO `users_communities` (`user_id`, `community_id`) VALUES ('46', '46');
INSERT INTO `users_communities` (`user_id`, `community_id`) VALUES ('47', '47');
INSERT INTO `users_communities` (`user_id`, `community_id`) VALUES ('48', '48');
INSERT INTO `users_communities` (`user_id`, `community_id`) VALUES ('49', '49');
INSERT INTO `users_communities` (`user_id`, `community_id`) VALUES ('50', '50');
INSERT INTO `users_communities` (`user_id`, `community_id`) VALUES ('51', '51');
INSERT INTO `users_communities` (`user_id`, `community_id`) VALUES ('52', '52');
INSERT INTO `users_communities` (`user_id`, `community_id`) VALUES ('53', '53');
INSERT INTO `users_communities` (`user_id`, `community_id`) VALUES ('54', '54');
INSERT INTO `users_communities` (`user_id`, `community_id`) VALUES ('55', '55');
INSERT INTO `users_communities` (`user_id`, `community_id`) VALUES ('56', '56');
INSERT INTO `users_communities` (`user_id`, `community_id`) VALUES ('57', '57');
INSERT INTO `users_communities` (`user_id`, `community_id`) VALUES ('58', '58');
INSERT INTO `users_communities` (`user_id`, `community_id`) VALUES ('59', '59');
INSERT INTO `users_communities` (`user_id`, `community_id`) VALUES ('60', '60');
INSERT INTO `users_communities` (`user_id`, `community_id`) VALUES ('61', '61');
INSERT INTO `users_communities` (`user_id`, `community_id`) VALUES ('62', '62');
INSERT INTO `users_communities` (`user_id`, `community_id`) VALUES ('63', '63');
INSERT INTO `users_communities` (`user_id`, `community_id`) VALUES ('64', '64');
INSERT INTO `users_communities` (`user_id`, `community_id`) VALUES ('65', '65');
INSERT INTO `users_communities` (`user_id`, `community_id`) VALUES ('66', '66');
INSERT INTO `users_communities` (`user_id`, `community_id`) VALUES ('67', '67');
INSERT INTO `users_communities` (`user_id`, `community_id`) VALUES ('68', '68');
INSERT INTO `users_communities` (`user_id`, `community_id`) VALUES ('69', '69');
INSERT INTO `users_communities` (`user_id`, `community_id`) VALUES ('70', '70');
INSERT INTO `users_communities` (`user_id`, `community_id`) VALUES ('71', '71');
INSERT INTO `users_communities` (`user_id`, `community_id`) VALUES ('72', '72');
INSERT INTO `users_communities` (`user_id`, `community_id`) VALUES ('73', '73');
INSERT INTO `users_communities` (`user_id`, `community_id`) VALUES ('74', '74');
INSERT INTO `users_communities` (`user_id`, `community_id`) VALUES ('75', '75');
INSERT INTO `users_communities` (`user_id`, `community_id`) VALUES ('76', '76');
INSERT INTO `users_communities` (`user_id`, `community_id`) VALUES ('77', '77');
INSERT INTO `users_communities` (`user_id`, `community_id`) VALUES ('78', '78');
INSERT INTO `users_communities` (`user_id`, `community_id`) VALUES ('79', '79');
INSERT INTO `users_communities` (`user_id`, `community_id`) VALUES ('80', '80');
INSERT INTO `users_communities` (`user_id`, `community_id`) VALUES ('81', '81');
INSERT INTO `users_communities` (`user_id`, `community_id`) VALUES ('82', '82');
INSERT INTO `users_communities` (`user_id`, `community_id`) VALUES ('83', '83');
INSERT INTO `users_communities` (`user_id`, `community_id`) VALUES ('84', '84');
INSERT INTO `users_communities` (`user_id`, `community_id`) VALUES ('85', '85');
INSERT INTO `users_communities` (`user_id`, `community_id`) VALUES ('86', '86');
INSERT INTO `users_communities` (`user_id`, `community_id`) VALUES ('87', '87');
INSERT INTO `users_communities` (`user_id`, `community_id`) VALUES ('88', '88');
INSERT INTO `users_communities` (`user_id`, `community_id`) VALUES ('89', '89');
INSERT INTO `users_communities` (`user_id`, `community_id`) VALUES ('90', '90');
INSERT INTO `users_communities` (`user_id`, `community_id`) VALUES ('91', '91');
INSERT INTO `users_communities` (`user_id`, `community_id`) VALUES ('92', '92');
INSERT INTO `users_communities` (`user_id`, `community_id`) VALUES ('93', '93');
INSERT INTO `users_communities` (`user_id`, `community_id`) VALUES ('94', '94');
INSERT INTO `users_communities` (`user_id`, `community_id`) VALUES ('95', '95');
INSERT INTO `users_communities` (`user_id`, `community_id`) VALUES ('96', '96');
INSERT INTO `users_communities` (`user_id`, `community_id`) VALUES ('97', '97');
INSERT INTO `users_communities` (`user_id`, `community_id`) VALUES ('98', '98');
INSERT INTO `users_communities` (`user_id`, `community_id`) VALUES ('99', '99');
INSERT INTO `users_communities` (`user_id`, `community_id`) VALUES ('100', '100');


